date,actual_roas,baseline_predicted_roas
2026-09-22,10.213,9.101
2026-09-22,12.794,22.191
2026-09-22,5.692,4.8
2026-09-22,9.497,4.541
2026-09-22,19.727,19.429
2026-09-22,6.184,11.867
2026-09-22,50.195,27.275
2026-09-22,6.493,8.116
2026-09-22,17.727,14.378
2026-09-22,13.331,9.98
2026-09-22,9.268,13.372
2026-09-22,12.179,15.287
2026-09-22,10.286,2.831
2026-09-22,3.611,6.182
2026-09-22,10.806,10.625
2026-09-22,5.857,3.427
2026-09-22,4.112,3.999
2026-09-22,4.042,3.418
2026-09-22,2.719,4.036
2026-09-22,6.511,6.837
2026-09-22,5.508,7.177
2026-09-23,10.35,10.213
2026-09-23,19.228,12.794
2026-09-23,9.42,5.692
2026-09-23,5.646,9.497
2026-09-23,28.143,19.727
2026-09-23,2.911,6.184
2026-09-23,47.425,50.195
2026-09-23,9.07,6.493
2026-09-23,8.713,17.727
2026-09-23,29.19,13.331
2026-09-23,9.124,9.268
2026-09-23,14.885,12.179
2026-09-23,8.255,10.286
2026-09-23,7.027,3.611
2026-09-23,28.874,10.806
2026-09-23,4.32,5.857
2026-09-23,3.509,4.112
2026-09-23,3.328,4.042
2026-09-23,3.922,2.719
2026-09-23,8.121,6.511
2026-09-23,3.707,5.508
2026-09-24,6.382,10.35
2026-09-24,17.276,19.228
2026-09-24,4.453,9.42
2026-09-24,4.216,5.646
2026-09-24,21.042,28.143
2026-09-24,9.031,2.911
2026-09-24,25.412,47.425
2026-09-24,8.221,9.07
2026-09-24,7.964,8.713
2026-09-24,20.895,29.19
2026-09-24,17.226,9.124
2026-09-24,8.049,14.885
2026-09-24,7.462,8.255
2026-09-24,4.232,7.027
2026-09-24,18.469,28.874
2026-09-24,4.534,4.32
2026-09-24,3.279,3.509
2026-09-24,3.585,3.328
2026-09-24,2.119,3.922
2026-09-24,7.228,8.121
2026-09-24,3.647,3.707
2026-09-25,12.038,6.382
2026-09-25,25.526,17.276
2026-09-25,5.373,4.453
2026-09-25,2.809,4.216
2026-09-25,8.896,21.042
2026-09-25,5.124,9.031
2026-09-25,29.389,25.412
2026-09-25,7.312,8.221
2026-09-25,18.516,7.964
2026-09-25,32.403,20.895
2026-09-25,15.505,17.226
2026-09-25,14.565,8.049
2026-09-25,4.235,7.462
2026-09-25,2.333,4.232
2026-09-25,11.93,18.469
2026-09-25,3.805,4.534
2026-09-25,4.836,3.279
2026-09-25,3.385,3.585
2026-09-25,2.332,2.119
2026-09-25,7.326,7.228
2026-09-25,7.157,3.647
2026-09-26,9.32,12.038
2026-09-26,24.636,25.526
2026-09-26,6.867,5.373
2026-09-26,3.926,2.809
2026-09-26,53.725,8.896
2026-09-26,6.959,5.124
2026-09-26,26.554,29.389
2026-09-26,6.654,7.312
2026-09-26,13.018,18.516
2026-09-26,17.314,32.403
2026-09-26,10.786,15.505
2026-09-26,11.895,14.565
2026-09-26,5.136,4.235
2026-09-26,5.367,2.333
2026-09-26,13.243,11.93
2026-09-26,3.194,3.805
2026-09-26,4.92,4.836
2026-09-26,2.478,3.385
2026-09-26,4.886,2.332
2026-09-26,7.271,7.326
2026-09-26,7.596,7.157
2026-09-27,9.658,9.32
2026-09-27,20.157,24.636
2026-09-27,11.007,6.867
2026-09-27,6.356,3.926
2026-09-27,22.091,53.725
2026-09-27,5.876,6.959
2026-09-27,16.423,26.554
2026-09-27,5.332,6.654
2026-09-27,20.176,13.018
2026-09-27,17.328,17.314
2026-09-27,10.826,10.786
2026-09-27,14.848,11.895
2026-09-27,10.325,5.136
2026-09-27,5.399,5.367
2026-09-27,18.88,13.243
2026-09-27,5.558,3.194
2026-09-27,8.82,4.92
2026-09-27,3.358,2.478
2026-09-27,2.785,4.886
2026-09-27,7.205,7.271
2026-09-27,7.491,7.596
