date,actual_roas,baseline_prediction,random_forest_prediction,prediction_error,absolute_error
2026-09-22,10.213,9.101,7.749940500407787,2.4630594995922124,2.4630594995922124
2026-09-22,12.794,22.191,18.1926490838052,-5.3986490838052,5.3986490838052
2026-09-22,5.692,4.8,5.9126544491651405,-0.22065444916514032,0.22065444916514032
2026-09-22,9.497,4.541,6.670005380264214,2.8269946197357863,2.8269946197357863
2026-09-22,19.727,19.429,20.11200025049949,-0.38500025049949116,0.38500025049949116
2026-09-22,6.184,11.867,12.545674335369576,-6.3616743353695755,6.3616743353695755
2026-09-22,50.195,27.275,45.5677757693603,4.627224230639698,4.627224230639698
2026-09-22,6.493,8.116,8.71323920729395,-2.2202392072939503,2.2202392072939503
2026-09-22,17.727,14.378,16.29983095836973,1.4271690416302718,1.4271690416302718
2026-09-22,13.331,9.98,14.837214661736407,-1.5062146617364078,1.5062146617364078
2026-09-22,9.268,13.372,15.691407934102944,-6.4234079341029435,6.4234079341029435
2026-09-22,12.179,15.287,13.863448852606943,-1.684448852606943,1.684448852606943
2026-09-22,10.286,2.831,8.592992999082437,1.6930070009175626,1.6930070009175626
2026-09-22,3.611,6.182,6.218054355967106,-2.6070543559671058,2.6070543559671058
2026-09-22,10.806,10.625,13.081992965665366,-2.275992965665367,2.275992965665367
2026-09-22,5.857,3.427,5.950376488566689,-0.09337648856668856,0.09337648856668856
2026-09-22,4.112,3.999,5.617384008692612,-1.5053840086926122,1.5053840086926122
2026-09-22,4.042,3.418,4.740503408544111,-0.6985034085441111,0.6985034085441111
2026-09-22,2.719,4.036,3.7969393555631967,-1.0779393555631969,1.0779393555631969
2026-09-22,6.511,6.837,8.989870034919644,-2.4788700349196438,2.4788700349196438
2026-09-22,5.508,7.177,5.319605889738214,0.1883941102617861,0.1883941102617861
2026-09-23,10.35,10.213,10.958659002689808,-0.6086590026898087,0.6086590026898087
2026-09-23,19.228,12.794,20.57209381274888,-1.344093812748877,1.344093812748877
2026-09-23,9.42,5.692,4.600087704147965,4.819912295852035,4.819912295852035
2026-09-23,5.646,9.497,7.341953369103215,-1.695953369103215,1.695953369103215
2026-09-23,28.143,19.727,19.45528023015873,8.68771976984127,8.68771976984127
2026-09-23,2.911,6.184,8.573671344771437,-5.662671344771438,5.662671344771438
2026-09-23,47.425,50.195,37.6765048994709,9.748495100529098,9.748495100529098
2026-09-23,9.07,6.493,9.123906074278,-0.053906074278000204,0.053906074278000204
2026-09-23,8.713,17.727,16.030586728956234,-7.317586728956234,7.317586728956234
2026-09-23,29.19,13.331,15.480327730103232,13.70967226989677,13.70967226989677
2026-09-23,9.124,9.268,11.107733182595382,-1.9837331825953815,1.9837331825953815
2026-09-23,14.885,12.179,12.561635863259315,2.3233641367406843,2.3233641367406843
2026-09-23,8.255,10.286,9.804826844608778,-1.549826844608777,1.549826844608777
2026-09-23,7.027,3.611,6.547834613106286,0.47916538689371446,0.47916538689371446
2026-09-23,28.874,10.806,13.830957699817692,15.043042300182307,15.043042300182307
2026-09-23,4.32,5.857,5.638569138656719,-1.318569138656719,1.318569138656719
2026-09-23,3.509,4.112,4.6094095362801895,-1.1004095362801896,1.1004095362801896
2026-09-23,3.328,4.042,4.115017290266042,-0.7870172902660424,0.7870172902660424
2026-09-23,3.922,2.719,4.826095566646444,-0.9040955666464439,0.9040955666464439
2026-09-23,8.121,6.511,8.64063453504829,-0.51963453504829,0.51963453504829
2026-09-23,3.707,5.508,5.708558232957674,-2.0015582329576738,2.0015582329576738
2026-09-24,6.382,10.35,9.308466696408312,-2.926466696408312,2.926466696408312
2026-09-24,17.276,19.228,15.928273254757167,1.3477267452428325,1.3477267452428325
2026-09-24,4.453,9.42,5.81218800312058,-1.3591880031205799,1.3591880031205799
2026-09-24,4.216,5.646,7.53759428367644,-3.32159428367644,3.32159428367644
2026-09-24,21.042,28.143,17.850296584440787,3.191703415559214,3.191703415559214
2026-09-24,9.031,2.911,8.364749654958109,0.6662503450418917,0.6662503450418917
2026-09-24,25.412,47.425,35.16795670899471,-9.75595670899471,9.75595670899471
2026-09-24,8.221,9.07,7.491532413713016,0.7294675862869839,0.7294675862869839
2026-09-24,7.964,8.713,11.539668850372465,-3.5756688503724643,3.5756688503724643
2026-09-24,20.895,29.19,15.242035148429665,5.652964851570335,5.652964851570335
2026-09-24,17.226,9.124,10.653834832223078,6.572165167776921,6.572165167776921
2026-09-24,8.049,14.885,12.988021135354112,-4.939021135354112,4.939021135354112
2026-09-24,7.462,8.255,9.510960299234442,-2.0489602992344427,2.0489602992344427
2026-09-24,4.232,7.027,5.8500694682871055,-1.6180694682871053,1.6180694682871053
2026-09-24,18.469,28.874,18.325383008219458,0.14361699178054366,0.14361699178054366
2026-09-24,4.534,4.32,6.62861897785311,-2.09461897785311,2.09461897785311
2026-09-24,3.279,3.509,4.965999189872248,-1.6869991898722478,1.6869991898722478
2026-09-24,3.585,3.328,5.1677865316121085,-1.5827865316121086,1.5827865316121086
2026-09-24,2.119,3.922,4.608545738113811,-2.489545738113811,2.489545738113811
2026-09-24,7.228,8.121,9.554046936273242,-2.326046936273242,2.326046936273242
2026-09-24,3.647,3.707,5.075995731272628,-1.4289957312726282,1.4289957312726282
2026-09-25,12.038,6.382,8.196430109749128,3.841569890250872,3.841569890250872
2026-09-25,25.526,17.276,17.721610055223117,7.804389944776883,7.804389944776883
2026-09-25,5.373,4.453,5.068332370662756,0.3046676293372439,0.3046676293372439
2026-09-25,2.809,4.216,6.925913421422565,-4.116913421422565,4.116913421422565
2026-09-25,8.896,21.042,15.434340709140166,-6.538340709140165,6.538340709140165
2026-09-25,5.124,9.031,8.282040596669422,-3.158040596669422,3.158040596669422
2026-09-25,29.389,25.412,36.69521849735451,-7.306218497354511,7.306218497354511
2026-09-25,7.312,8.221,8.544083517786309,-1.2320835177863083,1.2320835177863083
2026-09-25,18.516,7.964,12.03205758333334,6.4839424166666575,6.4839424166666575
2026-09-25,32.403,20.895,18.696686523025075,13.706313476974923,13.706313476974923
2026-09-25,15.505,17.226,13.39995026953615,2.1050497304638505,2.1050497304638505
2026-09-25,14.565,8.049,10.077307800343208,4.487692199656792,4.487692199656792
2026-09-25,4.235,7.462,8.617041067551511,-4.382041067551511,4.382041067551511
2026-09-25,2.333,4.232,5.805321080824319,-3.472321080824319,3.472321080824319
2026-09-25,11.93,18.469,14.968396373401823,-3.038396373401824,3.038396373401824
2026-09-25,3.805,4.534,6.816425640199851,-3.011425640199851,3.011425640199851
2026-09-25,4.836,3.279,4.876259229178272,-0.04025922917827174,0.04025922917827174
2026-09-25,3.385,3.585,5.112110626432618,-1.7271106264326184,1.7271106264326184
2026-09-25,2.332,2.119,4.824763790433487,-2.4927637904334867,2.4927637904334867
2026-09-25,7.326,7.228,9.604318294985031,-2.2783182949850316,2.2783182949850316
2026-09-25,7.157,3.647,5.4686871093013485,1.6883128906986515,1.6883128906986515
2026-09-26,9.32,12.038,10.1383879494857,-0.8183879494857003,0.8183879494857003
2026-09-26,24.636,25.526,15.29248004839478,9.34351995160522,9.34351995160522
2026-09-26,6.867,5.373,5.032604397936832,1.834395602063168,1.834395602063168
2026-09-26,3.926,2.809,7.702354323548374,-3.7763543235483734,3.7763543235483734
2026-09-26,53.725,8.896,13.502346183759778,40.222653816240225,40.222653816240225
2026-09-26,6.959,5.124,7.798349369237818,-0.8393493692378184,0.8393493692378184
2026-09-26,26.554,29.389,40.76622564682541,-14.212225646825413,14.212225646825413
2026-09-26,6.654,7.312,8.687710721736568,-2.0337107217365684,2.0337107217365684
2026-09-26,13.018,18.516,17.201668833555324,-4.183668833555323,4.183668833555323
2026-09-26,17.314,32.403,14.431520381258489,2.8824796187415114,2.8824796187415114
2026-09-26,10.786,15.505,12.262673355851328,-1.4766733558513288,1.4766733558513288
2026-09-26,11.895,14.565,13.890928166212328,-1.9959281662123285,1.9959281662123285
2026-09-26,5.136,4.235,8.421367756044122,-3.2853677560441215,3.2853677560441215
2026-09-26,5.367,2.333,6.260667547693859,-0.8936675476938589,0.8936675476938589
2026-09-26,13.243,11.93,16.85869703703704,-3.615697037037039,3.615697037037039
2026-09-26,3.194,3.805,6.2256984730471165,-3.0316984730471166,3.0316984730471166
2026-09-26,4.92,4.836,4.516371550779474,0.403628449220526,0.403628449220526
2026-09-26,2.478,3.385,4.208376111427036,-1.7303761114270357,1.7303761114270357
2026-09-26,4.886,2.332,4.445265848915181,0.4407341510848193,0.4407341510848193
2026-09-26,7.271,7.326,9.191158996708152,-1.9201589967081523,1.9201589967081523
2026-09-26,7.596,7.157,5.0312514548063865,2.5647485451936136,2.5647485451936136
2026-09-27,9.658,9.32,8.618839533493434,1.0391604665065657,1.0391604665065657
2026-09-27,20.157,24.636,18.017562259183578,2.1394377408164225,2.1394377408164225
2026-09-27,11.007,6.867,6.071209093337923,4.935790906662077,4.935790906662077
2026-09-27,6.356,3.926,6.897682245350485,-0.5416822453504855,0.5416822453504855
2026-09-27,22.091,53.725,16.428364810085306,5.662635189914695,5.662635189914695
2026-09-27,5.876,6.959,7.8148208299697,-1.9388208299696998,1.9388208299696998
2026-09-27,16.423,26.554,42.03552573629147,-25.61252573629147,25.61252573629147
2026-09-27,5.332,6.654,7.3993868299679875,-2.0673868299679876,2.0673868299679876
2026-09-27,20.176,13.018,17.188045858756393,2.9879541412436055,2.9879541412436055
2026-09-27,17.328,17.314,20.461377327729902,-3.133377327729903,3.133377327729903
2026-09-27,10.826,10.786,12.132227578783947,-1.3062275787839468,1.3062275787839468
2026-09-27,14.848,11.895,12.713567904546608,2.134432095453393,2.134432095453393
2026-09-27,10.325,5.136,8.837387402936166,1.4876125970638334,1.4876125970638334
2026-09-27,5.399,5.367,6.157498085664855,-0.7584980856648551,0.7584980856648551
2026-09-27,18.88,13.243,14.904756190248245,3.9752438097517544,3.9752438097517544
2026-09-27,5.558,3.194,6.618553574894172,-1.060553574894172,1.060553574894172
2026-09-27,8.82,4.92,4.8096371655601615,4.010362834439839,4.010362834439839
2026-09-27,3.358,2.478,4.222705605268522,-0.8647056052685218,0.8647056052685218
2026-09-27,2.785,4.886,4.291831433429564,-1.5068314334295643,1.5068314334295643
2026-09-27,7.205,7.271,10.859903170369638,-3.6549031703696375,3.6549031703696375
2026-09-27,7.491,7.596,6.501191555772964,0.9898084442270356,0.9898084442270356
