sku,product,current_action,predicted_next_day_roas,predicted_next_day_profit_inr,root_cause,historical_action_success_rate,learned_decision_confidence,learning_adjustment,policy_recommendation
UB-COLDBREW-500ML,Cold Brew Concentrate,PROTECT_INVENTORY,8.703086467011303,6737.741681325645,INVENTORY_RISK,47.08,69.83,MAINTAIN_PROTECTIVE_POLICY,Historical PROTECT_INVENTORY decisions have moderate outcomes (47.1% success). Continue monitoring.
UB-COLDBREW-1L,Cold Brew Concentrate,FIX_PAYMENT,21.47937403244793,7267.695048752887,PAYMENT_FRICTION,66.67,77.67,MAINTAIN_POLICY,Historical FIX_PAYMENT decisions have moderate outcomes (66.7% success). Continue monitoring.
UB-KIT-MINIKIT,Brew Starter Kit,PROTECT_INVENTORY,14.422926921495172,10092.094671829756,INVENTORY_SHORTAGE,47.08,72.83,MAINTAIN_PROTECTIVE_POLICY,Historical PROTECT_INVENTORY decisions have moderate outcomes (47.1% success). Continue monitoring.
UB-KIT-FULLKIT,Brew Starter Kit,FIX_PAYMENT,13.874156766104264,9348.12987278405,PAYMENT_FRICTION,66.67,77.67,MAINTAIN_POLICY,Historical FIX_PAYMENT decisions have moderate outcomes (66.7% success). Continue monitoring.
UB-ARABICA-250G,Arabica Whole Beans,FIX_PAYMENT,9.571254871337,3896.055835212921,PAYMENT_FRICTION,66.67,77.67,MAINTAIN_POLICY,Historical FIX_PAYMENT decisions have moderate outcomes (66.7% success). Continue monitoring.
UB-ARABICA-500G,Arabica Whole Beans,FIX_PAYMENT,16.714997526890322,6144.890717893032,PAYMENT_FRICTION,66.67,77.67,MAINTAIN_POLICY,Historical FIX_PAYMENT decisions have moderate outcomes (66.7% success). Continue monitoring.
UB-FILTER-250G,South Indian Filter Coffee,INCREASE_BUDGET,14.805122673357909,4737.537517255292,HIGH_PERFORMER,52.56,66.02,MAINTAIN_POLICY,Historical INCREASE_BUDGET decisions have moderate outcomes (52.6% success). Continue monitoring.
UB-FILTER-500G,South Indian Filter Coffee,PROTECT_INVENTORY,14.301929626844233,9560.704813850538,INVENTORY_RISK,47.08,69.83,MAINTAIN_PROTECTIVE_POLICY,Historical PROTECT_INVENTORY decisions have moderate outcomes (47.1% success). Continue monitoring.
UB-SACHET-HAZELNUT,Instant Coffee Sachets,PROTECT_INVENTORY,9.703578009137605,2389.886870609138,INVENTORY_SHORTAGE,47.08,72.83,MAINTAIN_PROTECTIVE_POLICY,Historical PROTECT_INVENTORY decisions have moderate outcomes (47.1% success). Continue monitoring.
UB-SACHET-CLASSIC,Instant Coffee Sachets,PROTECT_INVENTORY,4.451923642930563,2210.1375093802085,INVENTORY_SHORTAGE,47.08,63.83,MAINTAIN_PROTECTIVE_POLICY,Historical PROTECT_INVENTORY decisions have moderate outcomes (47.1% success). Continue monitoring.
UB-SACHET-MOCHA,Instant Coffee Sachets,PROTECT_INVENTORY,6.468250458631217,2165.634615484425,INVENTORY_SHORTAGE,47.08,63.83,MAINTAIN_PROTECTIVE_POLICY,Historical PROTECT_INVENTORY decisions have moderate outcomes (47.1% success). Continue monitoring.
UB-CHAI-100G,Masala Chai Blend,RETARGET,9.669481137364494,8928.757096775542,FUNNEL_DROP_OFF,100.0,85.0,INCREASE_CONFIDENCE,Historical RETARGET decisions show strong outcomes (100.0% success). Keep this policy.
UB-CHAI-250G,Masala Chai Blend,MAINTAIN,6.009622122850767,5489.606771446117,NORMAL_PERFORMANCE,48.0,55.2,MAINTAIN_POLICY,Historical MAINTAIN decisions have moderate outcomes (48.0% success). Continue monitoring.
UB-POUROVER-SINGLE,Pour-Over Kit,PROTECT_INVENTORY,5.7082867914808455,1928.8454197471235,INVENTORY_SHORTAGE,47.08,63.83,MAINTAIN_PROTECTIVE_POLICY,Historical PROTECT_INVENTORY decisions have moderate outcomes (47.1% success). Continue monitoring.
UB-POUROVER-DOUBLE,Pour-Over Kit,PROTECT_INVENTORY,15.452333561275346,13721.784893236956,INVENTORY_SHORTAGE,47.08,72.83,MAINTAIN_PROTECTIVE_POLICY,Historical PROTECT_INVENTORY decisions have moderate outcomes (47.1% success). Continue monitoring.
UB-PRESS-350ML,French Press,FIX_PAYMENT,5.049193300725204,296.4230458475813,PAYMENT_FRICTION,66.67,68.67,MAINTAIN_POLICY,Historical FIX_PAYMENT decisions have moderate outcomes (66.7% success). Continue monitoring.
UB-PRESS-1L,French Press,RETARGET,7.88015468422291,1551.007790249692,FUNNEL_DROP_OFF,100.0,76.0,INCREASE_CONFIDENCE,Historical RETARGET decisions show strong outcomes (100.0% success). Keep this policy.
UB-MUG-SETOF2,Ceramic Mug Set,PROTECT_INVENTORY,9.56405191072321,6159.274927751714,INVENTORY_RISK,47.08,69.83,MAINTAIN_PROTECTIVE_POLICY,Historical PROTECT_INVENTORY decisions have moderate outcomes (47.1% success). Continue monitoring.
UB-MUG-SETOF4,Ceramic Mug Set,PROTECT_INVENTORY,6.438953564384338,5302.588785488137,INVENTORY_RISK,47.08,60.83,MAINTAIN_PROTECTIVE_POLICY,Historical PROTECT_INVENTORY decisions have moderate outcomes (47.1% success). Continue monitoring.
UB-ESPRESSO-250G,Espresso Roast Beans,FIX_PAYMENT,8.688776682841556,5445.064352374322,PAYMENT_FRICTION,66.67,77.67,MAINTAIN_POLICY,Historical FIX_PAYMENT decisions have moderate outcomes (66.7% success). Continue monitoring.
UB-ESPRESSO-1KG,Espresso Roast Beans,INCREASE_BUDGET,40.13282775264551,12983.89123593578,HIGH_PERFORMER,52.56,66.02,MAINTAIN_POLICY,Historical INCREASE_BUDGET decisions have moderate outcomes (52.6% success). Continue monitoring.
