date,sku,product,category,variant,ad_type,ad_spend_inr,roas,sales_volume,sales_growth_pct,stock_on_hand,days_of_inventory_remaining,click_rate_pct,add_to_cart_rate_pct,purchase_rate_pct,payment_failed_rate_pct,margin_pct,predicted_next_day_roas,predicted_next_day_revenue_inr,predicted_next_day_profit_inr,inventory_status,opportunity_score_calculated,recommended_action_calculated,recommended_budget_change_pct,current_daily_ad_spend_inr,recommended_daily_budget_inr,decision_confidence_pct,decision_reason_calculated
2026-09-28,UB-FILTER-250G,South Indian Filter Coffee,Coffee,250 g,Image,836.68,20.176,73,6.34,2766,30.9,4.078,24.932,6.887,2.597,45,14.805122673357907,12387.150038345093,4737.537517255292,STRONG,91.76,INCREASE_BUDGET,15,836.68,962.18,90,Predicted ROAS is 14.81 with predicted profit of ₹4737.54. Sales growth is 6.3%. Inventory is sufficient. Scale budget.
2026-09-28,UB-KIT-FULLKIT,Brew Starter Kit,Gifts,Full kit,Image,1504.23,10.826,18,11.04,1361,61.89,3.159,17.556,2.889,5.128,52,13.874156766104267,20869.92283227702,9348.129872784051,STRONG,89.53,RETARGET,0,1504.23,1504.23,90,High add-to-cart activity but weak purchase conversion. Retarget high-intent users.
2026-09-28,UB-ESPRESSO-1KG,Espresso Roast Beans,Coffee,1 kg,Carousel,593.53,16.423,11,4.22,986,78.32,2.714,14.894,4.167,0.0,57,40.132827752645504,23820.037256027685,12983.89123593578,STRONG,88.25,INCREASE_BUDGET,15,593.53,682.56,90,Predicted ROAS is 40.13 with predicted profit of ₹12983.89. Sales growth is 4.2%. Inventory is sufficient. Scale budget.
2026-09-28,UB-ARABICA-250G,Arabica Whole Beans,Coffee,250 g,Image,1980.62,9.658,69,0.63,4342,48.6,4.09,16.093,4.618,6.579,31,9.571254871336999,18957.018823267485,3896.055835212921,STRONG,81.35,INCREASE_BUDGET,15,1980.62,2277.71,90,Predicted ROAS is 9.57 with predicted profit of ₹3896.06. Sales growth is 0.6%. Inventory is sufficient. Scale budget.
2026-09-28,UB-ESPRESSO-250G,Espresso Roast Beans,Coffee,250 g,Video,1241.17,5.332,13,0.4,633,38.64,3.534,9.917,2.385,7.143,62,8.688776682841556,10784.248955442456,5445.064352374322,STRONG,80.45,RETARGET,0,1241.17,1241.17,90,High add-to-cart activity but weak purchase conversion. Retarget high-intent users.
2026-09-28,UB-ARABICA-500G,Arabica Whole Beans,Coffee,500 g,Influencer Video,918.67,20.157,47,4.79,877,14.74,4.871,10.911,3.129,6.122,46,16.714997526890322,15355.566778028331,6144.890717893032,HEALTHY,77.25,INCREASE_BUDGET,15,918.67,1056.47,80,Predicted ROAS is 16.71 with predicted profit of ₹6144.89. Sales growth is 4.8%. Inventory is sufficient. Scale budget.
2026-09-28,UB-COLDBREW-1L,Cold Brew Concentrate,Coffee,1 L,Video,799.06,22.091,16,3.64,188,9.49,2.644,15.985,4.071,5.556,47,21.479374032447932,17163.308614367845,7267.695048752887,HEALTHY,74.26,INCREASE_BUDGET,15,799.06,918.92,80,Predicted ROAS is 21.48 with predicted profit of ₹7267.7. Sales growth is 3.6%. Inventory is sufficient. Scale budget.
2026-09-28,UB-CHAI-100G,Masala Chai Blend,Tea,100 g,Video,3113.46,11.007,28,13.9,208,5.57,4.312,5.646,1.531,3.448,40,9.669481137364494,30105.542741938858,8928.757096775542,LOW,71.8,CHANGE_CREATIVE,0,3113.46,3113.46,80,CTR is strong but purchase conversion is weak. Test new creatives or landing-page messaging.
2026-09-28,UB-FILTER-500G,South Indian Filter Coffee,Coffee,500 g,Video,1909.54,17.328,42,4.62,52,1.09,3.129,21.739,6.491,1.887,42,14.301929626844236,27310.106699644144,9560.704813850542,CRITICAL,71.45,PROTECT_INVENTORY,0,1909.54,1909.54,60,Inventory is critical with 1.1 days remaining. Protect stock before scaling ads.
2026-09-28,UB-PRESS-1L,French Press,Equipment,1 L,Video,1206.78,8.82,12,-3.5,828,60.93,2.826,7.902,2.186,0.0,29,7.88015468422291,9509.613069826524,1551.007790249692,STRONG,70.45,CHANGE_CREATIVE,0,1206.78,1206.78,75,CTR is strong but purchase conversion is weak. Test new creatives or landing-page messaging.
2026-09-28,UB-KIT-MINIKIT,Brew Starter Kit,Gifts,Mini kit,Influencer Video,1995.42,14.848,59,13.2,0,0.0,5.847,11.985,2.396,6.25,42,14.422926921495172,28779.796837689897,10092.094671829756,CRITICAL,69.85,PROTECT_INVENTORY,0,1995.42,1995.42,45,Inventory is critical with 0.0 days remaining. Protect stock before scaling ads.
2026-09-28,UB-POUROVER-DOUBLE,Pour-Over Kit,Equipment,Double,Video,1628.52,18.88,23,6.1,0,0.0,4.824,5.972,2.421,8.0,61,15.452333561275346,25164.434251208124,13721.784893236956,CRITICAL,67.21,PROTECT_INVENTORY,0,1628.52,1628.52,45,Inventory is critical with 0.0 days remaining. Protect stock before scaling ads.
2026-09-28,UB-SACHET-HAZELNUT,Instant Coffee Sachets,Instant,Hazelnut,Image,1135.26,7.205,41,11.77,0,0.0,4.376,19.469,4.366,2.381,32,9.703578009137603,11016.083970653555,2389.886870609138,CRITICAL,66.24,PROTECT_INVENTORY,0,1135.26,1135.26,45,Inventory is critical with 0.0 days remaining. Protect stock before scaling ads.
2026-09-28,UB-MUG-SETOF2,Ceramic Mug Set,Gifts,Set of 2,Image,2108.43,10.325,27,-1.93,69,1.93,5.702,10.337,2.457,2.564,41,9.564051910723212,20165.13397012614,6159.274927751716,CRITICAL,63.99,PROTECT_INVENTORY,0,2108.43,2108.43,45,Inventory is critical with 1.9 days remaining. Protect stock before scaling ads.
2026-09-28,UB-COLDBREW-500ML,Cold Brew Concentrate,Coffee,500 ml,Image,2623.46,5.876,17,8.02,21,1.01,5.008,8.648,2.279,5.556,41,8.703086467011303,22832.199222745476,6737.741681325645,CRITICAL,63.92,PROTECT_INVENTORY,0,2623.46,2623.46,45,Inventory is critical with 1.0 days remaining. Protect stock before scaling ads.
2026-09-28,UB-PRESS-350ML,French Press,Equipment,350 ml,Carousel,1399.5,3.358,14,7.99,1140,67.86,4.232,15.891,3.16,6.667,24,5.049193300725203,7066.3460243649215,296.4230458475813,STRONG,63.33,MAINTAIN,0,1399.5,1399.5,60,Predicted ROAS is 5.05 and predicted profit is ₹296.42. Signals are within acceptable range. Maintain current budget.
2026-09-28,UB-CHAI-250G,Masala Chai Blend,Tea,250 g,Video,3465.36,6.356,76,0.13,543,5.65,3.761,14.275,5.003,3.797,43,6.009622122850767,20825.504119642133,5489.606771446117,LOW,57.35,MAINTAIN,0,3465.36,3465.36,50,Predicted ROAS is 6.01 and predicted profit is ₹5489.61. Signals are within acceptable range. Maintain current budget.
2026-09-28,UB-SACHET-MOCHA,Instant Coffee Sachets,Instant,Mocha,Carousel,2024.26,7.491,54,13.53,0,0.0,2.775,15.274,4.116,11.667,32,6.468250458631217,13093.420673388828,2165.634615484425,CRITICAL,55.33,PROTECT_INVENTORY,0,2024.26,2024.26,30,Inventory is critical with 0.0 days remaining. Protect stock before scaling ads.
2026-09-28,UB-POUROVER-SINGLE,Pour-Over Kit,Equipment,Single,Image,1275.99,5.558,8,3.05,0,0.0,3.055,8.71,2.439,0.0,44,5.708286791480846,7283.716863061645,1928.845419747124,CRITICAL,51.06,PROTECT_INVENTORY,0,1275.99,1275.99,30,Inventory is critical with 0.0 days remaining. Protect stock before scaling ads.
2026-09-28,UB-MUG-SETOF4,Ceramic Mug Set,Gifts,Set of 4,Influencer Video,2997.93,5.399,30,-8.79,98,2.76,4.017,7.307,2.107,3.125,43,6.438953564384338,19303.532059274738,5302.588785488137,CRITICAL,50.69,PROTECT_INVENTORY,0,2997.93,2997.93,30,Inventory is critical with 2.8 days remaining. Protect stock before scaling ads.
2026-09-28,UB-SACHET-CLASSIC,Instant Coffee Sachets,Instant,Classic,Video,3414.86,2.785,63,4.64,0,0.0,4.637,14.706,5.272,3.03,37,4.451923642930564,15202.695971297866,2210.1375093802094,CRITICAL,48.59,PROTECT_INVENTORY,0,3414.86,3414.86,30,Inventory is critical with 0.0 days remaining. Protect stock before scaling ads.
