date,sku,product,category,variant,ad_type,ad_spend_inr,roas,predicted_next_day_roas,predicted_next_day_revenue_inr,predicted_next_day_profit_inr,margin_pct,sales_volume,sales_growth_pct,stock_on_hand,days_of_inventory_remaining,inventory_risk,click_rate_pct,add_to_cart_rate_pct,purchase_rate_pct,payment_failed_rate_pct,funnel_status,payment_status,creative_status,sales_status,profitability_status,root_cause,root_cause_explanation,autonomous_action,decision_priority_score,decision_confidence_pct
2026-09-28,UB-FILTER-250G,South Indian Filter Coffee,Coffee,250 g,Image,836.68,20.176,14.805122673357907,12387.150038345093,4737.537517255292,45,73,6.34,2766,30.9,HEALTHY,4.078,24.932,6.887,2.597,HEALTHY_CONVERSION,MEDIUM,NORMAL,STABLE,HIGHLY_PROFITABLE,HIGH_PERFORMER,Strong predicted ROAS and healthy business signals indicate a scaling opportunity.,INCREASE_BUDGET,95,75
2026-09-28,UB-ESPRESSO-1KG,Espresso Roast Beans,Coffee,1 kg,Carousel,593.53,16.423,40.13282775264551,23820.03725602769,12983.89123593578,57,11,4.22,986,78.32,HEALTHY,2.714,14.894,4.167,0.0,NORMAL,NORMAL,NORMAL,STABLE,HIGHLY_PROFITABLE,HIGH_PERFORMER,Strong predicted ROAS and healthy business signals indicate a scaling opportunity.,INCREASE_BUDGET,95,75
2026-09-28,UB-KIT-MINIKIT,Brew Starter Kit,Gifts,Mini kit,Influencer Video,1995.42,14.848,14.422926921495172,28779.796837689897,10092.094671829756,42,59,13.2,0,0.0,CRITICAL,5.847,11.985,2.396,6.25,CHECKOUT_CONVERSION,HIGH,CREATIVE_TO_CONVERSION_GAP,STRONG_GROWTH,HIGHLY_PROFITABLE,INVENTORY_SHORTAGE,Stock is exhausted or expected to run out immediately.,PROTECT_INVENTORY,90,90
2026-09-28,UB-KIT-FULLKIT,Brew Starter Kit,Gifts,Full kit,Image,1504.23,10.826,13.874156766104264,20869.922832277018,9348.12987278405,52,18,11.04,1361,61.89,HEALTHY,3.159,17.556,2.889,5.128,CHECKOUT_CONVERSION,HIGH,CREATIVE_TO_CONVERSION_GAP,STRONG_GROWTH,HIGHLY_PROFITABLE,PAYMENT_FRICTION,Elevated payment failures may be reducing completed orders.,FIX_PAYMENT,90,85
2026-09-28,UB-COLDBREW-1L,Cold Brew Concentrate,Coffee,1 L,Video,799.06,22.091,21.47937403244793,17163.30861436784,7267.695048752887,47,16,3.64,188,9.49,LOW,2.644,15.985,4.071,5.556,NORMAL,HIGH,NORMAL,STABLE,HIGHLY_PROFITABLE,PAYMENT_FRICTION,Elevated payment failures may be reducing completed orders.,FIX_PAYMENT,90,85
2026-09-28,UB-POUROVER-DOUBLE,Pour-Over Kit,Equipment,Double,Video,1628.52,18.88,15.452333561275346,25164.434251208124,13721.784893236956,61,23,6.1,0,0.0,CRITICAL,4.824,5.972,2.421,8.0,CHECKOUT_CONVERSION,HIGH,CREATIVE_TO_CONVERSION_GAP,STABLE,HIGHLY_PROFITABLE,INVENTORY_SHORTAGE,Stock is exhausted or expected to run out immediately.,PROTECT_INVENTORY,90,90
2026-09-28,UB-ARABICA-500G,Arabica Whole Beans,Coffee,500 g,Influencer Video,918.67,20.157,16.714997526890322,15355.566778028331,6144.890717893032,46,47,4.79,877,14.74,LOW,4.871,10.911,3.129,6.122,NORMAL,HIGH,NORMAL,STABLE,HIGHLY_PROFITABLE,PAYMENT_FRICTION,Elevated payment failures may be reducing completed orders.,FIX_PAYMENT,90,85
2026-09-28,UB-FILTER-500G,South Indian Filter Coffee,Coffee,500 g,Video,1909.54,17.328,14.301929626844233,27310.106699644137,9560.704813850538,42,42,4.62,52,1.09,HIGH,3.129,21.739,6.491,1.887,HEALTHY_CONVERSION,NORMAL,NORMAL,STABLE,HIGHLY_PROFITABLE,INVENTORY_RISK,Inventory is very low and scaling ads may cause stockout.,PROTECT_INVENTORY,90,85
2026-09-28,UB-COLDBREW-500ML,Cold Brew Concentrate,Coffee,500 ml,Image,2623.46,5.876,8.703086467011303,22832.199222745476,6737.741681325645,41,17,8.02,21,1.01,HIGH,5.008,8.648,2.279,5.556,CHECKOUT_CONVERSION,HIGH,CREATIVE_TO_CONVERSION_GAP,STABLE,HIGHLY_PROFITABLE,INVENTORY_RISK,Inventory is very low and scaling ads may cause stockout.,PROTECT_INVENTORY,80,85
2026-09-28,UB-ARABICA-250G,Arabica Whole Beans,Coffee,250 g,Image,1980.62,9.658,9.571254871336999,18957.018823267485,3896.055835212921,31,69,0.63,4342,48.6,HEALTHY,4.09,16.093,4.618,6.579,NORMAL,HIGH,NORMAL,STABLE,HIGHLY_PROFITABLE,PAYMENT_FRICTION,Elevated payment failures may be reducing completed orders.,FIX_PAYMENT,80,85
2026-09-28,UB-SACHET-MOCHA,Instant Coffee Sachets,Instant,Mocha,Carousel,2024.26,7.491,6.468250458631217,13093.420673388828,2165.634615484425,32,54,13.53,0,0.0,CRITICAL,2.775,15.274,4.116,11.667,NORMAL,CRITICAL,NORMAL,STRONG_GROWTH,PROFITABLE,INVENTORY_SHORTAGE,Stock is exhausted or expected to run out immediately.,PROTECT_INVENTORY,80,75
2026-09-28,UB-SACHET-CLASSIC,Instant Coffee Sachets,Instant,Classic,Video,3414.86,2.785,4.451923642930563,15202.695971297862,2210.1375093802085,37,63,4.64,0,0.0,CRITICAL,4.637,14.706,5.272,3.03,HEALTHY_CONVERSION,MEDIUM,NORMAL,STABLE,PROFITABLE,INVENTORY_SHORTAGE,Stock is exhausted or expected to run out immediately.,PROTECT_INVENTORY,80,75
2026-09-28,UB-SACHET-HAZELNUT,Instant Coffee Sachets,Instant,Hazelnut,Image,1135.26,7.205,9.703578009137603,11016.083970653555,2389.886870609138,32,41,11.77,0,0.0,CRITICAL,4.376,19.469,4.366,2.381,NORMAL,MEDIUM,NORMAL,STRONG_GROWTH,HIGHLY_PROFITABLE,INVENTORY_SHORTAGE,Stock is exhausted or expected to run out immediately.,PROTECT_INVENTORY,80,90
2026-09-28,UB-MUG-SETOF4,Ceramic Mug Set,Gifts,Set of 4,Influencer Video,2997.93,5.399,6.438953564384338,19303.532059274738,5302.588785488137,43,30,-8.79,98,2.76,HIGH,4.017,7.307,2.107,3.125,CHECKOUT_CONVERSION,MEDIUM,CREATIVE_TO_CONVERSION_GAP,STABLE,PROFITABLE,INVENTORY_RISK,Inventory is very low and scaling ads may cause stockout.,PROTECT_INVENTORY,80,70
2026-09-28,UB-MUG-SETOF2,Ceramic Mug Set,Gifts,Set of 2,Image,2108.43,10.325,9.56405191072321,20165.133970126135,6159.274927751714,41,27,-1.93,69,1.93,HIGH,5.702,10.337,2.457,2.564,CHECKOUT_CONVERSION,MEDIUM,CREATIVE_TO_CONVERSION_GAP,STABLE,HIGHLY_PROFITABLE,INVENTORY_RISK,Inventory is very low and scaling ads may cause stockout.,PROTECT_INVENTORY,80,85
2026-09-28,UB-PRESS-350ML,French Press,Equipment,350 ml,Carousel,1399.5,3.358,5.049193300725204,7066.346024364922,296.4230458475813,24,14,7.99,1140,67.86,HEALTHY,4.232,15.891,3.16,6.667,NORMAL,HIGH,NORMAL,STABLE,PROFITABLE,PAYMENT_FRICTION,Elevated payment failures may be reducing completed orders.,FIX_PAYMENT,80,70
2026-09-28,UB-POUROVER-SINGLE,Pour-Over Kit,Equipment,Single,Image,1275.99,5.558,5.7082867914808455,7283.716863061644,1928.8454197471235,44,8,3.05,0,0.0,CRITICAL,3.055,8.71,2.439,0.0,CHECKOUT_CONVERSION,NORMAL,CREATIVE_TO_CONVERSION_GAP,STABLE,PROFITABLE,INVENTORY_SHORTAGE,Stock is exhausted or expected to run out immediately.,PROTECT_INVENTORY,80,75
2026-09-28,UB-ESPRESSO-250G,Espresso Roast Beans,Coffee,250 g,Video,1241.17,5.332,8.688776682841556,10784.248955442456,5445.064352374322,62,13,0.4,633,38.64,HEALTHY,3.534,9.917,2.385,7.143,CHECKOUT_CONVERSION,HIGH,CREATIVE_TO_CONVERSION_GAP,STABLE,HIGHLY_PROFITABLE,PAYMENT_FRICTION,Elevated payment failures may be reducing completed orders.,FIX_PAYMENT,80,85
2026-09-28,UB-CHAI-100G,Masala Chai Blend,Tea,100 g,Video,3113.46,11.007,9.669481137364494,30105.542741938858,8928.757096775542,40,28,13.9,208,5.57,MEDIUM,4.312,5.646,1.531,3.448,CHECKOUT_CONVERSION,MEDIUM,CREATIVE_TO_CONVERSION_GAP,STRONG_GROWTH,HIGHLY_PROFITABLE,FUNNEL_DROP_OFF,Users show purchase intent but conversion remains weak.,RETARGET,70,75
2026-09-28,UB-PRESS-1L,French Press,Equipment,1 L,Video,1206.78,8.82,7.88015468422291,9509.613069826524,1551.007790249692,29,12,-3.5,828,60.93,HEALTHY,2.826,7.902,2.186,0.0,CHECKOUT_CONVERSION,NORMAL,CREATIVE_TO_CONVERSION_GAP,STABLE,PROFITABLE,FUNNEL_DROP_OFF,Users show purchase intent but conversion remains weak.,RETARGET,70,60
2026-09-28,UB-CHAI-250G,Masala Chai Blend,Tea,250 g,Video,3465.36,6.356,6.009622122850767,20825.504119642133,5489.606771446117,43,76,0.13,543,5.65,MEDIUM,3.761,14.275,5.003,3.797,HEALTHY_CONVERSION,MEDIUM,NORMAL,STABLE,PROFITABLE,NORMAL_PERFORMANCE,No major negative signal detected.,MAINTAIN,50,60
