date,actual_roas,baseline_prediction,random_forest_prediction
2026-09-22,10.213,9.101,7.749940500407787
2026-09-22,12.794,22.191,18.1926490838052
2026-09-22,5.692,4.8,5.9126544491651405
2026-09-22,9.497,4.541,6.670005380264214
2026-09-22,19.727,19.429,20.112000250499495
2026-09-22,6.184,11.867,12.545674335369576
2026-09-22,50.195,27.275,45.5677757693603
2026-09-22,6.493,8.116,8.71323920729395
2026-09-22,17.727,14.378,16.29983095836973
2026-09-22,13.331,9.98,14.837214661736407
2026-09-22,9.268,13.372,15.691407934102944
2026-09-22,12.179,15.287,13.863448852606943
2026-09-22,10.286,2.831,8.592992999082437
2026-09-22,3.611,6.182,6.218054355967106
2026-09-22,10.806,10.625,13.081992965665366
2026-09-22,5.857,3.427,5.950376488566689
2026-09-22,4.112,3.999,5.617384008692612
2026-09-22,4.042,3.418,4.740503408544111
2026-09-22,2.719,4.036,3.7969393555631967
2026-09-22,6.511,6.837,8.989870034919644
2026-09-22,5.508,7.177,5.319605889738214
2026-09-23,10.35,10.213,10.958659002689808
2026-09-23,19.228,12.794,20.57209381274888
2026-09-23,9.42,5.692,4.600087704147965
2026-09-23,5.646,9.497,7.341953369103215
2026-09-23,28.143,19.727,19.455280230158735
2026-09-23,2.911,6.184,8.573671344771437
2026-09-23,47.425,50.195,37.6765048994709
2026-09-23,9.07,6.493,9.123906074278
2026-09-23,8.713,17.727,16.030586728956234
2026-09-23,29.19,13.331,15.480327730103232
2026-09-23,9.124,9.268,11.107733182595382
2026-09-23,14.885,12.179,12.561635863259315
2026-09-23,8.255,10.286,9.804826844608778
2026-09-23,7.027,3.611,6.547834613106286
2026-09-23,28.874,10.806,13.830957699817693
2026-09-23,4.32,5.857,5.638569138656719
2026-09-23,3.509,4.112,4.6094095362801895
2026-09-23,3.328,4.042,4.115017290266042
2026-09-23,3.922,2.719,4.826095566646444
2026-09-23,8.121,6.511,8.64063453504829
2026-09-23,3.707,5.508,5.708558232957674
2026-09-24,6.382,10.35,9.308466696408313
2026-09-24,17.276,19.228,15.928273254757169
2026-09-24,4.453,9.42,5.81218800312058
2026-09-24,4.216,5.646,7.53759428367644
2026-09-24,21.042,28.143,17.850296584440787
2026-09-24,9.031,2.911,8.364749654958109
2026-09-24,25.412,47.425,35.16795670899471
2026-09-24,8.221,9.07,7.491532413713016
2026-09-24,7.964,8.713,11.539668850372463
2026-09-24,20.895,29.19,15.242035148429665
2026-09-24,17.226,9.124,10.653834832223078
2026-09-24,8.049,14.885,12.988021135354112
2026-09-24,7.462,8.255,9.510960299234442
2026-09-24,4.232,7.027,5.8500694682871055
2026-09-24,18.469,28.874,18.325383008219458
2026-09-24,4.534,4.32,6.62861897785311
2026-09-24,3.279,3.509,4.965999189872248
2026-09-24,3.585,3.328,5.1677865316121085
2026-09-24,2.119,3.922,4.608545738113811
2026-09-24,7.228,8.121,9.554046936273242
2026-09-24,3.647,3.707,5.075995731272628
2026-09-25,12.038,6.382,8.196430109749128
2026-09-25,25.526,17.276,17.721610055223117
2026-09-25,5.373,4.453,5.068332370662756
2026-09-25,2.809,4.216,6.925913421422565
2026-09-25,8.896,21.042,15.434340709140166
2026-09-25,5.124,9.031,8.282040596669422
2026-09-25,29.389,25.412,36.69521849735451
2026-09-25,7.312,8.221,8.544083517786309
2026-09-25,18.516,7.964,12.032057583333339
2026-09-25,32.403,20.895,18.696686523025075
2026-09-25,15.505,17.226,13.39995026953615
2026-09-25,14.565,8.049,10.077307800343208
2026-09-25,4.235,7.462,8.617041067551511
2026-09-25,2.333,4.232,5.805321080824319
2026-09-25,11.93,18.469,14.968396373401825
2026-09-25,3.805,4.534,6.816425640199851
2026-09-25,4.836,3.279,4.876259229178272
2026-09-25,3.385,3.585,5.112110626432618
2026-09-25,2.332,2.119,4.824763790433487
2026-09-25,7.326,7.228,9.604318294985033
2026-09-25,7.157,3.647,5.4686871093013485
2026-09-26,9.32,12.038,10.138387949485699
2026-09-26,24.636,25.526,15.29248004839478
2026-09-26,6.867,5.373,5.032604397936832
2026-09-26,3.926,2.809,7.702354323548374
2026-09-26,53.725,8.896,13.502346183759778
2026-09-26,6.959,5.124,7.798349369237818
2026-09-26,26.554,29.389,40.766225646825404
2026-09-26,6.654,7.312,8.687710721736568
2026-09-26,13.018,18.516,17.201668833555324
2026-09-26,17.314,32.403,14.431520381258487
2026-09-26,10.786,15.505,12.262673355851328
2026-09-26,11.895,14.565,13.890928166212328
2026-09-26,5.136,4.235,8.421367756044122
2026-09-26,5.367,2.333,6.260667547693859
2026-09-26,13.243,11.93,16.85869703703704
2026-09-26,3.194,3.805,6.2256984730471165
2026-09-26,4.92,4.836,4.516371550779474
2026-09-26,2.478,3.385,4.208376111427036
2026-09-26,4.886,2.332,4.445265848915181
2026-09-26,7.271,7.326,9.191158996708152
2026-09-26,7.596,7.157,5.0312514548063865
2026-09-27,9.658,9.32,8.618839533493434
2026-09-27,20.157,24.636,18.017562259183578
2026-09-27,11.007,6.867,6.071209093337923
2026-09-27,6.356,3.926,6.897682245350485
2026-09-27,22.091,53.725,16.428364810085306
2026-09-27,5.876,6.959,7.8148208299697
2026-09-27,16.423,26.554,42.03552573629147
2026-09-27,5.332,6.654,7.3993868299679875
2026-09-27,20.176,13.018,17.188045858756393
2026-09-27,17.328,17.314,20.461377327729902
2026-09-27,10.826,10.786,12.132227578783949
2026-09-27,14.848,11.895,12.713567904546608
2026-09-27,10.325,5.136,8.837387402936166
2026-09-27,5.399,5.367,6.157498085664855
2026-09-27,18.88,13.243,14.904756190248245
2026-09-27,5.558,3.194,6.618553574894172
2026-09-27,8.82,4.92,4.8096371655601615
2026-09-27,3.358,2.478,4.222705605268522
2026-09-27,2.785,4.886,4.291831433429564
2026-09-27,7.205,7.271,10.859903170369638
2026-09-27,7.491,7.596,6.501191555772964
