Snapshot date,SKU,Available
2026-09-01,GR-BODYLOT-200ML,552
2026-09-02,GR-BODYLOT-200ML,528
2026-09-03,GR-BODYLOT-200ML,508
2026-09-04,GR-BODYLOT-200ML,489
2026-09-05,GR-BODYLOT-200ML,464
2026-09-06,GR-BODYLOT-200ML,430
2026-09-07,GR-BODYLOT-200ML,404
2026-09-08,GR-BODYLOT-200ML,377
2026-09-09,GR-BODYLOT-200ML,353
2026-09-10,GR-BODYLOT-200ML,336
2026-09-11,GR-BODYLOT-200ML,317
2026-09-12,GR-BODYLOT-200ML,292
2026-09-13,GR-BODYLOT-200ML,276
2026-09-14,GR-BODYLOT-200ML,249
2026-09-15,GR-BODYLOT-200ML,237
2026-09-16,GR-BODYLOT-200ML,217
2026-09-17,GR-BODYLOT-200ML,195
2026-09-18,GR-BODYLOT-200ML,183
2026-09-19,GR-BODYLOT-200ML,150
2026-09-20,GR-BODYLOT-200ML,138
2026-09-21,GR-BODYLOT-200ML,119
2026-09-01,GR-BODYLOT-400ML,478
2026-09-02,GR-BODYLOT-400ML,468
2026-09-03,GR-BODYLOT-400ML,454
2026-09-04,GR-BODYLOT-400ML,441
2026-09-05,GR-BODYLOT-400ML,414
2026-09-06,GR-BODYLOT-400ML,395
2026-09-07,GR-BODYLOT-400ML,376
2026-09-08,GR-BODYLOT-400ML,364
2026-09-09,GR-BODYLOT-400ML,343
2026-09-10,GR-BODYLOT-400ML,326
2026-09-11,GR-BODYLOT-400ML,311
2026-09-12,GR-BODYLOT-400ML,296
2026-09-13,GR-BODYLOT-400ML,279
2026-09-14,GR-BODYLOT-400ML,263
2026-09-15,GR-BODYLOT-400ML,248
2026-09-16,GR-BODYLOT-400ML,223
2026-09-17,GR-BODYLOT-400ML,207
2026-09-18,GR-BODYLOT-400ML,196
2026-09-19,GR-BODYLOT-400ML,164
2026-09-20,GR-BODYLOT-400ML,147
2026-09-21,GR-BODYLOT-400ML,117
2026-09-01,GR-COMBO-FULL,697
2026-09-02,GR-COMBO-FULL,643
2026-09-03,GR-COMBO-FULL,602
2026-09-04,GR-COMBO-FULL,565
2026-09-05,GR-COMBO-FULL,487
2026-09-06,GR-COMBO-FULL,432
2026-09-07,GR-COMBO-FULL,390
2026-09-08,GR-COMBO-FULL,333
2026-09-09,GR-COMBO-FULL,294
2026-09-10,GR-COMBO-FULL,258
2026-09-11,GR-COMBO-FULL,211
2026-09-12,GR-COMBO-FULL,155
2026-09-13,GR-COMBO-FULL,112
2026-09-14,GR-COMBO-FULL,80
2026-09-15,GR-COMBO-FULL,31
2026-09-16,GR-COMBO-FULL,0
2026-09-17,GR-COMBO-FULL,0
2026-09-18,GR-COMBO-FULL,0
2026-09-19,GR-COMBO-FULL,0
2026-09-20,GR-COMBO-FULL,0
2026-09-21,GR-COMBO-FULL,0
2026-09-01,GR-COMBO-STARTER,639
2026-09-02,GR-COMBO-STARTER,621
2026-09-03,GR-COMBO-STARTER,600
2026-09-04,GR-COMBO-STARTER,578
2026-09-05,GR-COMBO-STARTER,541
2026-09-06,GR-COMBO-STARTER,496
2026-09-07,GR-COMBO-STARTER,470
2026-09-08,GR-COMBO-STARTER,448
2026-09-09,GR-COMBO-STARTER,427
2026-09-10,GR-COMBO-STARTER,390
2026-09-11,GR-COMBO-STARTER,363
2026-09-12,GR-COMBO-STARTER,335
2026-09-13,GR-COMBO-STARTER,305
2026-09-14,GR-COMBO-STARTER,276
2026-09-15,GR-COMBO-STARTER,251
2026-09-16,GR-COMBO-STARTER,233
2026-09-17,GR-COMBO-STARTER,197
2026-09-18,GR-COMBO-STARTER,161
2026-09-19,GR-COMBO-STARTER,135
2026-09-20,GR-COMBO-STARTER,115
2026-09-21,GR-COMBO-STARTER,91
2026-09-01,GR-FACEWASH-100ML,782
2026-09-02,GR-FACEWASH-100ML,738
2026-09-03,GR-FACEWASH-100ML,674
2026-09-04,GR-FACEWASH-100ML,577
2026-09-05,GR-FACEWASH-100ML,526
2026-09-06,GR-FACEWASH-100ML,453
2026-09-07,GR-FACEWASH-100ML,396
2026-09-08,GR-FACEWASH-100ML,366
2026-09-09,GR-FACEWASH-100ML,324
2026-09-10,GR-FACEWASH-100ML,250
2026-09-11,GR-FACEWASH-100ML,184
2026-09-12,GR-FACEWASH-100ML,131
2026-09-13,GR-FACEWASH-100ML,78
2026-09-14,GR-FACEWASH-100ML,6
2026-09-15,GR-FACEWASH-100ML,0
2026-09-16,GR-FACEWASH-100ML,0
2026-09-17,GR-FACEWASH-100ML,0
2026-09-18,GR-FACEWASH-100ML,0
2026-09-19,GR-FACEWASH-100ML,0
2026-09-20,GR-FACEWASH-100ML,0
2026-09-21,GR-FACEWASH-100ML,0
2026-09-01,GR-FACEWASH-150ML,1051
2026-09-02,GR-FACEWASH-150ML,1008
2026-09-03,GR-FACEWASH-150ML,946
2026-09-04,GR-FACEWASH-150ML,893
2026-09-05,GR-FACEWASH-150ML,855
2026-09-06,GR-FACEWASH-150ML,823
2026-09-07,GR-FACEWASH-150ML,774
2026-09-08,GR-FACEWASH-150ML,750
2026-09-09,GR-FACEWASH-150ML,725
2026-09-10,GR-FACEWASH-150ML,657
2026-09-11,GR-FACEWASH-150ML,618
2026-09-12,GR-FACEWASH-150ML,572
2026-09-13,GR-FACEWASH-150ML,504
2026-09-14,GR-FACEWASH-150ML,483
2026-09-15,GR-FACEWASH-150ML,446
2026-09-16,GR-FACEWASH-150ML,403
2026-09-17,GR-FACEWASH-150ML,353
2026-09-18,GR-FACEWASH-150ML,330
2026-09-19,GR-FACEWASH-150ML,287
2026-09-20,GR-FACEWASH-150ML,234
2026-09-21,GR-FACEWASH-150ML,194
2026-09-01,GR-HAIROIL-150ML,1062
2026-09-02,GR-HAIROIL-150ML,1026
2026-09-03,GR-HAIROIL-150ML,975
2026-09-04,GR-HAIROIL-150ML,957
2026-09-05,GR-HAIROIL-150ML,901
2026-09-06,GR-HAIROIL-150ML,865
2026-09-07,GR-HAIROIL-150ML,822
2026-09-08,GR-HAIROIL-150ML,775
2026-09-09,GR-HAIROIL-150ML,715
2026-09-10,GR-HAIROIL-150ML,669
2026-09-11,GR-HAIROIL-150ML,640
2026-09-12,GR-HAIROIL-150ML,587
2026-09-13,GR-HAIROIL-150ML,527
2026-09-14,GR-HAIROIL-150ML,480
2026-09-15,GR-HAIROIL-150ML,450
2026-09-16,GR-HAIROIL-150ML,417
2026-09-17,GR-HAIROIL-150ML,374
2026-09-18,GR-HAIROIL-150ML,339
2026-09-19,GR-HAIROIL-150ML,304
2026-09-20,GR-HAIROIL-150ML,258
2026-09-21,GR-HAIROIL-150ML,229
2026-09-01,GR-HAIROIL-250ML,567
2026-09-02,GR-HAIROIL-250ML,517
2026-09-03,GR-HAIROIL-250ML,485
2026-09-04,GR-HAIROIL-250ML,459
2026-09-05,GR-HAIROIL-250ML,439
2026-09-06,GR-HAIROIL-250ML,418
2026-09-07,GR-HAIROIL-250ML,374
2026-09-08,GR-HAIROIL-250ML,360
2026-09-09,GR-HAIROIL-250ML,328
2026-09-10,GR-HAIROIL-250ML,286
2026-09-11,GR-HAIROIL-250ML,267
2026-09-12,GR-HAIROIL-250ML,233
2026-09-13,GR-HAIROIL-250ML,192
2026-09-14,GR-HAIROIL-250ML,160
2026-09-15,GR-HAIROIL-250ML,103
2026-09-16,GR-HAIROIL-250ML,79
2026-09-17,GR-HAIROIL-250ML,42
2026-09-18,GR-HAIROIL-250ML,18
2026-09-19,GR-HAIROIL-250ML,0
2026-09-20,GR-HAIROIL-250ML,0
2026-09-21,GR-HAIROIL-250ML,0
2026-09-01,GR-LIPBAL-CHERRY,288
2026-09-02,GR-LIPBAL-CHERRY,253
2026-09-03,GR-LIPBAL-CHERRY,209
2026-09-04,GR-LIPBAL-CHERRY,169
2026-09-05,GR-LIPBAL-CHERRY,109
2026-09-06,GR-LIPBAL-CHERRY,62
2026-09-07,GR-LIPBAL-CHERRY,18
2026-09-08,GR-LIPBAL-CHERRY,0
2026-09-09,GR-LIPBAL-CHERRY,0
2026-09-10,GR-LIPBAL-CHERRY,0
2026-09-11,GR-LIPBAL-CHERRY,0
2026-09-12,GR-LIPBAL-CHERRY,0
2026-09-13,GR-LIPBAL-CHERRY,0
2026-09-14,GR-LIPBAL-CHERRY,0
2026-09-15,GR-LIPBAL-CHERRY,0
2026-09-16,GR-LIPBAL-CHERRY,0
2026-09-17,GR-LIPBAL-CHERRY,0
2026-09-18,GR-LIPBAL-CHERRY,0
2026-09-19,GR-LIPBAL-CHERRY,0
2026-09-20,GR-LIPBAL-CHERRY,0
2026-09-21,GR-LIPBAL-CHERRY,0
2026-09-01,GR-LIPBAL-NATURAL,355
2026-09-02,GR-LIPBAL-NATURAL,313
2026-09-03,GR-LIPBAL-NATURAL,263
2026-09-04,GR-LIPBAL-NATURAL,227
2026-09-05,GR-LIPBAL-NATURAL,167
2026-09-06,GR-LIPBAL-NATURAL,129
2026-09-07,GR-LIPBAL-NATURAL,83
2026-09-08,GR-LIPBAL-NATURAL,24
2026-09-09,GR-LIPBAL-NATURAL,0
2026-09-10,GR-LIPBAL-NATURAL,0
2026-09-11,GR-LIPBAL-NATURAL,0
2026-09-12,GR-LIPBAL-NATURAL,0
2026-09-13,GR-LIPBAL-NATURAL,0
2026-09-14,GR-LIPBAL-NATURAL,0
2026-09-15,GR-LIPBAL-NATURAL,0
2026-09-16,GR-LIPBAL-NATURAL,0
2026-09-17,GR-LIPBAL-NATURAL,0
2026-09-18,GR-LIPBAL-NATURAL,0
2026-09-19,GR-LIPBAL-NATURAL,0
2026-09-20,GR-LIPBAL-NATURAL,0
2026-09-21,GR-LIPBAL-NATURAL,0
2026-09-01,GR-LIPBAL-STRAWB,513
2026-09-02,GR-LIPBAL-STRAWB,499
2026-09-03,GR-LIPBAL-STRAWB,482
2026-09-04,GR-LIPBAL-STRAWB,459
2026-09-05,GR-LIPBAL-STRAWB,422
2026-09-06,GR-LIPBAL-STRAWB,394
2026-09-07,GR-LIPBAL-STRAWB,353
2026-09-08,GR-LIPBAL-STRAWB,316
2026-09-09,GR-LIPBAL-STRAWB,283
2026-09-10,GR-LIPBAL-STRAWB,271
2026-09-11,GR-LIPBAL-STRAWB,248
2026-09-12,GR-LIPBAL-STRAWB,211
2026-09-13,GR-LIPBAL-STRAWB,192
2026-09-14,GR-LIPBAL-STRAWB,160
2026-09-15,GR-LIPBAL-STRAWB,138
2026-09-16,GR-LIPBAL-STRAWB,113
2026-09-17,GR-LIPBAL-STRAWB,92
2026-09-18,GR-LIPBAL-STRAWB,68
2026-09-19,GR-LIPBAL-STRAWB,30
2026-09-20,GR-LIPBAL-STRAWB,0
2026-09-21,GR-LIPBAL-STRAWB,0
2026-09-01,GR-MOIST-100G,748
2026-09-02,GR-MOIST-100G,716
2026-09-03,GR-MOIST-100G,698
2026-09-04,GR-MOIST-100G,671
2026-09-05,GR-MOIST-100G,648
2026-09-06,GR-MOIST-100G,624
2026-09-07,GR-MOIST-100G,605
2026-09-08,GR-MOIST-100G,569
2026-09-09,GR-MOIST-100G,551
2026-09-10,GR-MOIST-100G,524
2026-09-11,GR-MOIST-100G,497
2026-09-12,GR-MOIST-100G,467
2026-09-13,GR-MOIST-100G,429
2026-09-14,GR-MOIST-100G,413
2026-09-15,GR-MOIST-100G,383
2026-09-16,GR-MOIST-100G,356
2026-09-17,GR-MOIST-100G,318
2026-09-18,GR-MOIST-100G,287
2026-09-19,GR-MOIST-100G,259
2026-09-20,GR-MOIST-100G,238
2026-09-21,GR-MOIST-100G,228
2026-09-01,GR-MOIST-50G,585
2026-09-02,GR-MOIST-50G,553
2026-09-03,GR-MOIST-50G,525
2026-09-04,GR-MOIST-50G,502
2026-09-05,GR-MOIST-50G,470
2026-09-06,GR-MOIST-50G,410
2026-09-07,GR-MOIST-50G,382
2026-09-08,GR-MOIST-50G,342
2026-09-09,GR-MOIST-50G,317
2026-09-10,GR-MOIST-50G,268
2026-09-11,GR-MOIST-50G,254
2026-09-12,GR-MOIST-50G,218
2026-09-13,GR-MOIST-50G,169
2026-09-14,GR-MOIST-50G,121
2026-09-15,GR-MOIST-50G,78
2026-09-16,GR-MOIST-50G,45
2026-09-17,GR-MOIST-50G,16
2026-09-18,GR-MOIST-50G,0
2026-09-19,GR-MOIST-50G,0
2026-09-20,GR-MOIST-50G,0
2026-09-21,GR-MOIST-50G,0
2026-09-01,GR-RET-15ML,239
2026-09-02,GR-RET-15ML,229
2026-09-03,GR-RET-15ML,218
2026-09-04,GR-RET-15ML,204
2026-09-05,GR-RET-15ML,192
2026-09-06,GR-RET-15ML,173
2026-09-07,GR-RET-15ML,155
2026-09-08,GR-RET-15ML,132
2026-09-09,GR-RET-15ML,108
2026-09-10,GR-RET-15ML,91
2026-09-11,GR-RET-15ML,79
2026-09-12,GR-RET-15ML,61
2026-09-13,GR-RET-15ML,42
2026-09-14,GR-RET-15ML,24
2026-09-15,GR-RET-15ML,6
2026-09-16,GR-RET-15ML,0
2026-09-17,GR-RET-15ML,0
2026-09-18,GR-RET-15ML,0
2026-09-19,GR-RET-15ML,0
2026-09-20,GR-RET-15ML,0
2026-09-21,GR-RET-15ML,0
2026-09-01,GR-RET-30ML,162
2026-09-02,GR-RET-30ML,130
2026-09-03,GR-RET-30ML,111
2026-09-04,GR-RET-30ML,74
2026-09-05,GR-RET-30ML,40
2026-09-06,GR-RET-30ML,9
2026-09-07,GR-RET-30ML,0
2026-09-08,GR-RET-30ML,0
2026-09-09,GR-RET-30ML,0
2026-09-10,GR-RET-30ML,0
2026-09-11,GR-RET-30ML,0
2026-09-12,GR-RET-30ML,0
2026-09-13,GR-RET-30ML,0
2026-09-14,GR-RET-30ML,0
2026-09-15,GR-RET-30ML,0
2026-09-16,GR-RET-30ML,0
2026-09-17,GR-RET-30ML,0
2026-09-18,GR-RET-30ML,0
2026-09-19,GR-RET-30ML,0
2026-09-20,GR-RET-30ML,0
2026-09-21,GR-RET-30ML,0
2026-09-01,GR-SHAMP-250ML,1004
2026-09-02,GR-SHAMP-250ML,982
2026-09-03,GR-SHAMP-250ML,965
2026-09-04,GR-SHAMP-250ML,948
2026-09-05,GR-SHAMP-250ML,927
2026-09-06,GR-SHAMP-250ML,911
2026-09-07,GR-SHAMP-250ML,898
2026-09-08,GR-SHAMP-250ML,881
2026-09-09,GR-SHAMP-250ML,870
2026-09-10,GR-SHAMP-250ML,850
2026-09-11,GR-SHAMP-250ML,828
2026-09-12,GR-SHAMP-250ML,808
2026-09-13,GR-SHAMP-250ML,789
2026-09-14,GR-SHAMP-250ML,783
2026-09-15,GR-SHAMP-250ML,767
2026-09-16,GR-SHAMP-250ML,755
2026-09-17,GR-SHAMP-250ML,720
2026-09-18,GR-SHAMP-250ML,691
2026-09-19,GR-SHAMP-250ML,672
2026-09-20,GR-SHAMP-250ML,656
2026-09-21,GR-SHAMP-250ML,643
2026-09-01,GR-SHAMP-400ML,731
2026-09-02,GR-SHAMP-400ML,718
2026-09-03,GR-SHAMP-400ML,703
2026-09-04,GR-SHAMP-400ML,685
2026-09-05,GR-SHAMP-400ML,658
2026-09-06,GR-SHAMP-400ML,647
2026-09-07,GR-SHAMP-400ML,623
2026-09-08,GR-SHAMP-400ML,607
2026-09-09,GR-SHAMP-400ML,591
2026-09-10,GR-SHAMP-400ML,578
2026-09-11,GR-SHAMP-400ML,563
2026-09-12,GR-SHAMP-400ML,543
2026-09-13,GR-SHAMP-400ML,529
2026-09-14,GR-SHAMP-400ML,510
2026-09-15,GR-SHAMP-400ML,486
2026-09-16,GR-SHAMP-400ML,465
2026-09-17,GR-SHAMP-400ML,448
2026-09-18,GR-SHAMP-400ML,429
2026-09-19,GR-SHAMP-400ML,398
2026-09-20,GR-SHAMP-400ML,387
2026-09-21,GR-SHAMP-400ML,368
2026-09-01,GR-SUNSCR-100G,279
2026-09-02,GR-SUNSCR-100G,247
2026-09-03,GR-SUNSCR-100G,233
2026-09-04,GR-SUNSCR-100G,194
2026-09-05,GR-SUNSCR-100G,168
2026-09-06,GR-SUNSCR-100G,143
2026-09-07,GR-SUNSCR-100G,125
2026-09-08,GR-SUNSCR-100G,108
2026-09-09,GR-SUNSCR-100G,76
2026-09-10,GR-SUNSCR-100G,55
2026-09-11,GR-SUNSCR-100G,23
2026-09-12,GR-SUNSCR-100G,0
2026-09-13,GR-SUNSCR-100G,0
2026-09-14,GR-SUNSCR-100G,0
2026-09-15,GR-SUNSCR-100G,0
2026-09-16,GR-SUNSCR-100G,0
2026-09-17,GR-SUNSCR-100G,0
2026-09-18,GR-SUNSCR-100G,0
2026-09-19,GR-SUNSCR-100G,0
2026-09-20,GR-SUNSCR-100G,0
2026-09-21,GR-SUNSCR-100G,0
2026-09-01,GR-SUNSCR-50G,257
2026-09-02,GR-SUNSCR-50G,216
2026-09-03,GR-SUNSCR-50G,200
2026-09-04,GR-SUNSCR-50G,185
2026-09-05,GR-SUNSCR-50G,154
2026-09-06,GR-SUNSCR-50G,128
2026-09-07,GR-SUNSCR-50G,101
2026-09-08,GR-SUNSCR-50G,79
2026-09-09,GR-SUNSCR-50G,58
2026-09-10,GR-SUNSCR-50G,36
2026-09-11,GR-SUNSCR-50G,12
2026-09-12,GR-SUNSCR-50G,0
2026-09-13,GR-SUNSCR-50G,0
2026-09-14,GR-SUNSCR-50G,0
2026-09-15,GR-SUNSCR-50G,0
2026-09-16,GR-SUNSCR-50G,0
2026-09-17,GR-SUNSCR-50G,0
2026-09-18,GR-SUNSCR-50G,0
2026-09-19,GR-SUNSCR-50G,0
2026-09-20,GR-SUNSCR-50G,0
2026-09-21,GR-SUNSCR-50G,0
2026-09-01,GR-VITC-15ML,918
2026-09-02,GR-VITC-15ML,863
2026-09-03,GR-VITC-15ML,802
2026-09-04,GR-VITC-15ML,770
2026-09-05,GR-VITC-15ML,713
2026-09-06,GR-VITC-15ML,674
2026-09-07,GR-VITC-15ML,600
2026-09-08,GR-VITC-15ML,553
2026-09-09,GR-VITC-15ML,475
2026-09-10,GR-VITC-15ML,427
2026-09-11,GR-VITC-15ML,393
2026-09-12,GR-VITC-15ML,344
2026-09-13,GR-VITC-15ML,313
2026-09-14,GR-VITC-15ML,244
2026-09-15,GR-VITC-15ML,221
2026-09-16,GR-VITC-15ML,183
2026-09-17,GR-VITC-15ML,136
2026-09-18,GR-VITC-15ML,94
2026-09-19,GR-VITC-15ML,53
2026-09-20,GR-VITC-15ML,0
2026-09-21,GR-VITC-15ML,0
2026-09-01,GR-VITC-30ML,1397
2026-09-02,GR-VITC-30ML,1353
2026-09-03,GR-VITC-30ML,1307
2026-09-04,GR-VITC-30ML,1272
2026-09-05,GR-VITC-30ML,1234
2026-09-06,GR-VITC-30ML,1198
2026-09-07,GR-VITC-30ML,1188
2026-09-08,GR-VITC-30ML,1153
2026-09-09,GR-VITC-30ML,1110
2026-09-10,GR-VITC-30ML,1067
2026-09-11,GR-VITC-30ML,1014
2026-09-12,GR-VITC-30ML,986
2026-09-13,GR-VITC-30ML,949
2026-09-14,GR-VITC-30ML,905
2026-09-15,GR-VITC-30ML,876
2026-09-16,GR-VITC-30ML,850
2026-09-17,GR-VITC-30ML,824
2026-09-18,GR-VITC-30ML,812
2026-09-19,GR-VITC-30ML,784
2026-09-20,GR-VITC-30ML,757
2026-09-21,GR-VITC-30ML,715
