Day,Campaign name,Ad set name,Format,Amount spent (INR),Impressions,Link clicks,Purchases,Purchases conversion value
2026-09-22,GR | Body Lotion 200 ml | Prospecting,Body Lotion 200 ml - Broad,Video,1046.57,7804,336,5,3025.0
2026-09-23,GR | Body Lotion 200 ml | Prospecting,Body Lotion 200 ml - Broad,Image,1125.61,6850,258,4,1346.18
2026-09-24,GR | Body Lotion 200 ml | Prospecting,Body Lotion 200 ml - Broad,Video,1079.79,8042,308,11,4661.3
2026-09-25,GR | Body Lotion 200 ml | Prospecting,Body Lotion 200 ml - Broad,Video,917.57,9098,269,6,2402.05
2026-09-26,GR | Body Lotion 200 ml | Prospecting,Body Lotion 200 ml - Broad,Video,981.08,9686,337,7,2998.99
2026-09-27,GR | Body Lotion 200 ml | Prospecting,Body Lotion 200 ml - Broad,Image,1083.73,6791,308,6,3295.44
2026-09-28,GR | Body Lotion 200 ml | Prospecting,Body Lotion 200 ml - Broad,Video,1014.6,9150,324,8,4048.9
2026-09-22,GR | Body Lotion 400 ml | Prospecting,Body Lotion 400 ml - Broad,Video,653.7,12034,300,8,5681.9
2026-09-23,GR | Body Lotion 400 ml | Prospecting,Body Lotion 400 ml - Broad,Image,711.25,10454,301,7,6261.21
2026-09-24,GR | Body Lotion 400 ml | Prospecting,Body Lotion 400 ml - Broad,Influencer Video,791.11,9304,211,4,2400.36
2026-09-25,GR | Body Lotion 400 ml | Prospecting,Body Lotion 400 ml - Broad,Carousel,632.8,11657,346,5,3537.79
2026-09-26,GR | Body Lotion 400 ml | Prospecting,Body Lotion 400 ml - Broad,Carousel,635.69,13333,392,10,6667.97
2026-09-27,GR | Body Lotion 400 ml | Prospecting,Body Lotion 400 ml - Broad,Video,579.24,12005,327,7,5048.92
2026-09-28,GR | Body Lotion 400 ml | Prospecting,Body Lotion 400 ml - Broad,Video,740.17,11591,294,8,5145.46
2026-09-22,GR | Glow Combo Full (30ml + 150ml) | Prospecting,Glow Combo Full (30ml + 150ml) - Broad,Video,854.02,13671,682,35,25473.14
2026-09-23,GR | Glow Combo Full (30ml + 150ml) | Prospecting,Glow Combo Full (30ml + 150ml) - Broad,Video,785.33,14803,808,17,20134.36
2026-09-24,GR | Glow Combo Full (30ml + 150ml) | Prospecting,Glow Combo Full (30ml + 150ml) - Broad,Influencer Video,952.15,12182,508,19,11830.64
2026-09-25,GR | Glow Combo Full (30ml + 150ml) | Prospecting,Glow Combo Full (30ml + 150ml) - Broad,Video,990.05,6808,333,16,10160.79
2026-09-26,GR | Glow Combo Full (30ml + 150ml) | Prospecting,Glow Combo Full (30ml + 150ml) - Broad,Image,1056.31,18250,974,36,23222.48
2026-09-27,GR | Glow Combo Full (30ml + 150ml) | Prospecting,Glow Combo Full (30ml + 150ml) - Broad,Video,910.87,9542,549,20,17555.63
2026-09-28,GR | Glow Combo Full (30ml + 150ml) | Prospecting,Glow Combo Full (30ml + 150ml) - Broad,Influencer Video,906.53,10188,495,18,17527.64
2026-09-22,GR | Glow Combo Starter (15ml + 100ml) | Prospecting,Glow Combo Starter (15ml + 100ml) - Broad,Influencer Video,619.07,15203,543,11,6443.42
2026-09-23,GR | Glow Combo Starter (15ml + 100ml) | Prospecting,Glow Combo Starter (15ml + 100ml) - Broad,Video,822.82,13377,405,10,5170.9
2026-09-24,GR | Glow Combo Starter (15ml + 100ml) | Prospecting,Glow Combo Starter (15ml + 100ml) - Broad,Video,1043.63,8986,317,9,4540.39
2026-09-25,GR | Glow Combo Starter (15ml + 100ml) | Prospecting,Glow Combo Starter (15ml + 100ml) - Broad,Image,1116.15,11431,369,9,4173.47
2026-09-26,GR | Glow Combo Starter (15ml + 100ml) | Prospecting,Glow Combo Starter (15ml + 100ml) - Broad,Image,929.02,13251,508,15,7366.22
2026-09-27,GR | Glow Combo Starter (15ml + 100ml) | Prospecting,Glow Combo Starter (15ml + 100ml) - Broad,Video,1054.65,17167,595,15,7663.63
2026-09-28,GR | Glow Combo Starter (15ml + 100ml) | Prospecting,Glow Combo Starter (15ml + 100ml) - Broad,Image,1176.72,12750,380,10,4807.81
2026-09-22,GR | Ubtan Face Wash 100 ml | Prospecting,Ubtan Face Wash 100 ml - Broad,Video,1200.85,17027,950,21,4054.19
2026-09-23,GR | Ubtan Face Wash 100 ml | Prospecting,Ubtan Face Wash 100 ml - Broad,Influencer Video,1173.6,20919,1195,52,10558.73
2026-09-24,GR | Ubtan Face Wash 100 ml | Prospecting,Ubtan Face Wash 100 ml - Broad,Video,1107.71,17156,872,26,7025.42
2026-09-25,GR | Ubtan Face Wash 100 ml | Prospecting,Ubtan Face Wash 100 ml - Broad,Image,1156.32,17578,1012,28,5377.54
2026-09-26,GR | Ubtan Face Wash 100 ml | Prospecting,Ubtan Face Wash 100 ml - Broad,Video,1108.39,12465,702,35,6953.64
2026-09-27,GR | Ubtan Face Wash 100 ml | Prospecting,Ubtan Face Wash 100 ml - Broad,Carousel,1073.15,11859,569,26,4851.47
2026-09-28,GR | Ubtan Face Wash 100 ml | Prospecting,Ubtan Face Wash 100 ml - Broad,Influencer Video,1204.88,17919,943,42,8996.89
2026-09-22,GR | Ubtan Face Wash 150 ml | Prospecting,Ubtan Face Wash 150 ml - Broad,Video,304.16,17115,864,47,12525.06
2026-09-23,GR | Ubtan Face Wash 150 ml | Prospecting,Ubtan Face Wash 150 ml - Broad,Video,437.56,14574,571,33,8767.86
2026-09-24,GR | Ubtan Face Wash 150 ml | Prospecting,Ubtan Face Wash 150 ml - Broad,Influencer Video,440.66,12966,607,31,8604.96
2026-09-25,GR | Ubtan Face Wash 150 ml | Prospecting,Ubtan Face Wash 150 ml - Broad,Influencer Video,368.44,13992,596,22,5592.24
2026-09-26,GR | Ubtan Face Wash 150 ml | Prospecting,Ubtan Face Wash 150 ml - Broad,Video,402.93,14931,736,36,12078.41
2026-09-27,GR | Ubtan Face Wash 150 ml | Prospecting,Ubtan Face Wash 150 ml - Broad,Image,416.76,15392,733,34,8927.59
2026-09-28,GR | Ubtan Face Wash 150 ml | Prospecting,Ubtan Face Wash 150 ml - Broad,Influencer Video,389.2,14947,753,19,5003.89
2026-09-22,GR | Onion Hair Oil 150 ml | Prospecting,Onion Hair Oil 150 ml - Broad,Video,536.53,10041,459,11,3503.69
2026-09-23,GR | Onion Hair Oil 150 ml | Prospecting,Onion Hair Oil 150 ml - Broad,Video,441.76,11208,474,21,6739.47
2026-09-24,GR | Onion Hair Oil 150 ml | Prospecting,Onion Hair Oil 150 ml - Broad,Video,368.28,10137,429,15,4787.99
2026-09-25,GR | Onion Hair Oil 150 ml | Prospecting,Onion Hair Oil 150 ml - Broad,Image,468.19,15224,643,26,8100.74
2026-09-26,GR | Onion Hair Oil 150 ml | Prospecting,Onion Hair Oil 150 ml - Broad,Influencer Video,462.64,15890,770,43,12630.46
2026-09-27,GR | Onion Hair Oil 150 ml | Prospecting,Onion Hair Oil 150 ml - Broad,Video,509.9,15429,721,31,10754.02
2026-09-28,GR | Onion Hair Oil 150 ml | Prospecting,Onion Hair Oil 150 ml - Broad,Video,497.26,13619,663,15,5788.96
2026-09-22,GR | Onion Hair Oil 250 ml | Prospecting,Onion Hair Oil 250 ml - Broad,Video,1046.03,13106,538,25,11723.69
2026-09-23,GR | Onion Hair Oil 250 ml | Prospecting,Onion Hair Oil 250 ml - Broad,Video,719.37,6158,213,11,4968.27
2026-09-24,GR | Onion Hair Oil 250 ml | Prospecting,Onion Hair Oil 250 ml - Broad,Image,737.34,12012,466,19,11317.13
2026-09-25,GR | Onion Hair Oil 250 ml | Prospecting,Onion Hair Oil 250 ml - Broad,Influencer Video,865.09,15809,534,24,14259.97
2026-09-26,GR | Onion Hair Oil 250 ml | Prospecting,Onion Hair Oil 250 ml - Broad,Influencer Video,892.91,11014,427,15,6547.26
2026-09-27,GR | Onion Hair Oil 250 ml | Prospecting,Onion Hair Oil 250 ml - Broad,Influencer Video,798.62,11859,405,24,11950.67
2026-09-28,GR | Onion Hair Oil 250 ml | Prospecting,Onion Hair Oil 250 ml - Broad,Image,762.47,7575,247,11,5994.6
2026-09-22,GR | Lip Balm Cherry | Prospecting,Lip Balm Cherry - Broad,Image,846.72,13052,544,21,3920.54
2026-09-23,GR | Lip Balm Cherry | Prospecting,Lip Balm Cherry - Broad,Carousel,958.44,13678,656,24,4026.52
2026-09-24,GR | Lip Balm Cherry | Prospecting,Lip Balm Cherry - Broad,Video,1029.33,17601,796,24,3473.62
2026-09-25,GR | Lip Balm Cherry | Prospecting,Lip Balm Cherry - Broad,Image,842.57,12488,656,27,4901.67
2026-09-26,GR | Lip Balm Cherry | Prospecting,Lip Balm Cherry - Broad,Image,1059.05,13462,597,17,3177.64
2026-09-27,GR | Lip Balm Cherry | Prospecting,Lip Balm Cherry - Broad,Carousel,1098.07,21762,986,42,6314.83
2026-09-28,GR | Lip Balm Cherry | Prospecting,Lip Balm Cherry - Broad,Video,912.7,17693,837,33,6761.79
2026-09-22,GR | Lip Balm Natural | Prospecting,Lip Balm Natural - Broad,Image,1478.84,16793,856,31,5379.5
2026-09-23,GR | Lip Balm Natural | Prospecting,Lip Balm Natural - Broad,Carousel,1404.51,18228,679,36,6056.89
2026-09-24,GR | Lip Balm Natural | Prospecting,Lip Balm Natural - Broad,Carousel,1771.67,14950,675,25,3958.49
2026-09-25,GR | Lip Balm Natural | Prospecting,Lip Balm Natural - Broad,Carousel,1368.89,20207,907,41,6042.35
2026-09-26,GR | Lip Balm Natural | Prospecting,Lip Balm Natural - Broad,Image,1467.18,19150,797,42,6476.71
2026-09-27,GR | Lip Balm Natural | Prospecting,Lip Balm Natural - Broad,Image,1611.98,23242,971,29,4593.03
2026-09-28,GR | Lip Balm Natural | Prospecting,Lip Balm Natural - Broad,Video,1752.66,22911,859,22,3564.27
2026-09-22,GR | Lip Balm Strawberry | Prospecting,Lip Balm Strawberry - Broad,Carousel,950.3,23323,735,31,5397.82
2026-09-23,GR | Lip Balm Strawberry | Prospecting,Lip Balm Strawberry - Broad,Carousel,836.92,17619,546,23,3431.59
2026-09-24,GR | Lip Balm Strawberry | Prospecting,Lip Balm Strawberry - Broad,Image,924.66,20629,695,26,4071.94
2026-09-25,GR | Lip Balm Strawberry | Prospecting,Lip Balm Strawberry - Broad,Influencer Video,1109.48,17980,611,30,4477.93
2026-09-26,GR | Lip Balm Strawberry | Prospecting,Lip Balm Strawberry - Broad,Video,851.24,22773,607,23,3555.55
2026-09-27,GR | Lip Balm Strawberry | Prospecting,Lip Balm Strawberry - Broad,Video,948.61,15591,474,16,2807.99
2026-09-28,GR | Lip Balm Strawberry | Prospecting,Lip Balm Strawberry - Broad,Image,968.4,21614,665,29,4309.24
2026-09-22,GR | Aloe Moisturizer 100 g | Prospecting,Aloe Moisturizer 100 g - Broad,Video,1340.24,14409,572,20,9855.06
2026-09-23,GR | Aloe Moisturizer 100 g | Prospecting,Aloe Moisturizer 100 g - Broad,Video,1578.92,12596,444,12,7161.75
2026-09-24,GR | Aloe Moisturizer 100 g | Prospecting,Aloe Moisturizer 100 g - Broad,Influencer Video,1349.21,9130,289,7,3650.2
2026-09-25,GR | Aloe Moisturizer 100 g | Prospecting,Aloe Moisturizer 100 g - Broad,Carousel,1494.56,8990,345,8,3664.4
2026-09-26,GR | Aloe Moisturizer 100 g | Prospecting,Aloe Moisturizer 100 g - Broad,Image,997.51,14882,524,15,7322.96
2026-09-27,GR | Aloe Moisturizer 100 g | Prospecting,Aloe Moisturizer 100 g - Broad,Video,1269.13,12553,383,8,4086.01
2026-09-28,GR | Aloe Moisturizer 100 g | Prospecting,Aloe Moisturizer 100 g - Broad,Video,1427.76,9385,339,6,3319.22
2026-09-22,GR | Aloe Moisturizer 50 g | Prospecting,Aloe Moisturizer 50 g - Broad,Image,1341.95,12967,547,22,7293.29
2026-09-23,GR | Aloe Moisturizer 50 g | Prospecting,Aloe Moisturizer 50 g - Broad,Image,1064.17,11996,622,32,10770.59
2026-09-24,GR | Aloe Moisturizer 50 g | Prospecting,Aloe Moisturizer 50 g - Broad,Carousel,1315.39,14085,699,27,7901.61
2026-09-25,GR | Aloe Moisturizer 50 g | Prospecting,Aloe Moisturizer 50 g - Broad,Video,1142.4,11628,542,11,3364.45
2026-09-26,GR | Aloe Moisturizer 50 g | Prospecting,Aloe Moisturizer 50 g - Broad,Influencer Video,1288.43,6425,265,7,2100.91
2026-09-27,GR | Aloe Moisturizer 50 g | Prospecting,Aloe Moisturizer 50 g - Broad,Video,1393.51,17920,864,48,16435.49
2026-09-28,GR | Aloe Moisturizer 50 g | Prospecting,Aloe Moisturizer 50 g - Broad,Image,1339.57,7946,351,12,3800.04
2026-09-22,GR | Retinol Serum 15 ml | Prospecting,Retinol Serum 15 ml - Broad,Video,941.17,11240,331,12,6682.62
2026-09-23,GR | Retinol Serum 15 ml | Prospecting,Retinol Serum 15 ml - Broad,Influencer Video,928.64,11961,328,5,2948.04
2026-09-24,GR | Retinol Serum 15 ml | Prospecting,Retinol Serum 15 ml - Broad,Influencer Video,943.01,8014,279,12,7996.62
2026-09-25,GR | Retinol Serum 15 ml | Prospecting,Retinol Serum 15 ml - Broad,Influencer Video,888.08,9996,330,11,6164.9
2026-09-26,GR | Retinol Serum 15 ml | Prospecting,Retinol Serum 15 ml - Broad,Image,1134.07,12467,436,18,12770.44
2026-09-27,GR | Retinol Serum 15 ml | Prospecting,Retinol Serum 15 ml - Broad,Influencer Video,1053.67,7773,226,8,4121.08
2026-09-28,GR | Retinol Serum 15 ml | Prospecting,Retinol Serum 15 ml - Broad,Video,722.89,6543,231,7,3704.68
2026-09-22,GR | Retinol Serum 30 ml | Prospecting,Retinol Serum 30 ml - Broad,Carousel,1095.0,12464,678,15,13737.52
2026-09-23,GR | Retinol Serum 30 ml | Prospecting,Retinol Serum 30 ml - Broad,Video,1190.12,9769,515,13,10825.32
2026-09-24,GR | Retinol Serum 30 ml | Prospecting,Retinol Serum 30 ml - Broad,Carousel,1049.48,13682,669,18,15324.3
2026-09-25,GR | Retinol Serum 30 ml | Prospecting,Retinol Serum 30 ml - Broad,Video,973.71,12995,630,16,13143.05
2026-09-26,GR | Retinol Serum 30 ml | Prospecting,Retinol Serum 30 ml - Broad,Carousel,1044.2,20385,990,25,21092.72
2026-09-27,GR | Retinol Serum 30 ml | Prospecting,Retinol Serum 30 ml - Broad,Video,832.18,18404,972,31,28595.74
2026-09-28,GR | Retinol Serum 30 ml | Prospecting,Retinol Serum 30 ml - Broad,Video,1002.59,8545,408,9,7904.73
2026-09-22,GR | Onion Shampoo 250 ml | Prospecting,Onion Shampoo 250 ml - Broad,Video,1228.66,10380,358,8,2161.35
2026-09-23,GR | Onion Shampoo 250 ml | Prospecting,Onion Shampoo 250 ml - Broad,Image,1024.59,9311,273,6,1634.15
2026-09-24,GR | Onion Shampoo 250 ml | Prospecting,Onion Shampoo 250 ml - Broad,Influencer Video,891.01,10003,359,9,3028.27
2026-09-25,GR | Onion Shampoo 250 ml | Prospecting,Onion Shampoo 250 ml - Broad,Video,1013.75,7263,220,5,1255.66
2026-09-26,GR | Onion Shampoo 250 ml | Prospecting,Onion Shampoo 250 ml - Broad,Video,944.04,9230,329,6,1991.98
2026-09-27,GR | Onion Shampoo 250 ml | Prospecting,Onion Shampoo 250 ml - Broad,Image,1065.72,11080,382,10,3979.62
2026-09-28,GR | Onion Shampoo 250 ml | Prospecting,Onion Shampoo 250 ml - Broad,Image,1300.8,15596,611,16,4464.31
2026-09-22,GR | Onion Shampoo 400 ml | Prospecting,Onion Shampoo 400 ml - Broad,Image,914.5,7143,180,6,2092.3
2026-09-23,GR | Onion Shampoo 400 ml | Prospecting,Onion Shampoo 400 ml - Broad,Video,912.5,8170,212,7,3770.33
2026-09-24,GR | Onion Shampoo 400 ml | Prospecting,Onion Shampoo 400 ml - Broad,Influencer Video,1062.79,9568,255,9,5010.16
2026-09-25,GR | Onion Shampoo 400 ml | Prospecting,Onion Shampoo 400 ml - Broad,Video,1025.89,5862,158,6,2749.84
2026-09-26,GR | Onion Shampoo 400 ml | Prospecting,Onion Shampoo 400 ml - Broad,Influencer Video,890.61,8914,245,4,2123.01
2026-09-27,GR | Onion Shampoo 400 ml | Prospecting,Onion Shampoo 400 ml - Broad,Video,1040.02,9050,252,7,2966.22
2026-09-28,GR | Onion Shampoo 400 ml | Prospecting,Onion Shampoo 400 ml - Broad,Video,1111.8,9586,268,8,3160.86
2026-09-22,GR | Sunscreen SPF 50 100 g | Prospecting,Sunscreen SPF 50 100 g - Broad,Image,921.45,10553,598,16,11855.21
2026-09-23,GR | Sunscreen SPF 50 100 g | Prospecting,Sunscreen SPF 50 100 g - Broad,Carousel,916.74,8079,392,7,6948.23
2026-09-24,GR | Sunscreen SPF 50 100 g | Prospecting,Sunscreen SPF 50 100 g - Broad,Carousel,1075.92,10041,546,15,10419.52
2026-09-25,GR | Sunscreen SPF 50 100 g | Prospecting,Sunscreen SPF 50 100 g - Broad,Video,976.38,7400,387,7,3824.93
2026-09-26,GR | Sunscreen SPF 50 100 g | Prospecting,Sunscreen SPF 50 100 g - Broad,Image,1069.73,14200,628,15,10634.81
2026-09-27,GR | Sunscreen SPF 50 100 g | Prospecting,Sunscreen SPF 50 100 g - Broad,Video,957.43,13002,622,19,13080.6
2026-09-28,GR | Sunscreen SPF 50 100 g | Prospecting,Sunscreen SPF 50 100 g - Broad,Video,1267.68,11479,544,13,7582.92
2026-09-22,GR | Sunscreen SPF 50 50 g | Prospecting,Sunscreen SPF 50 50 g - Broad,Carousel,1039.78,13931,579,18,6323.66
2026-09-23,GR | Sunscreen SPF 50 50 g | Prospecting,Sunscreen SPF 50 50 g - Broad,Carousel,1168.24,11546,460,19,6638.33
2026-09-24,GR | Sunscreen SPF 50 50 g | Prospecting,Sunscreen SPF 50 50 g - Broad,Influencer Video,1046.04,10351,350,9,4423.23
2026-09-25,GR | Sunscreen SPF 50 50 g | Prospecting,Sunscreen SPF 50 50 g - Broad,Carousel,880.59,6380,273,11,3976.27
2026-09-26,GR | Sunscreen SPF 50 50 g | Prospecting,Sunscreen SPF 50 50 g - Broad,Video,1247.76,17105,613,19,7742.63
2026-09-27,GR | Sunscreen SPF 50 50 g | Prospecting,Sunscreen SPF 50 50 g - Broad,Carousel,1185.33,16118,474,12,4033.37
2026-09-28,GR | Sunscreen SPF 50 50 g | Prospecting,Sunscreen SPF 50 50 g - Broad,Video,1054.34,12720,497,16,5367.37
2026-09-22,GR | Vitamin C Serum 15 ml | Prospecting,Vitamin C Serum 15 ml - Broad,Video,1884.74,13125,607,27,8762.63
2026-09-23,GR | Vitamin C Serum 15 ml | Prospecting,Vitamin C Serum 15 ml - Broad,Image,2085.82,16301,821,36,13128.37
2026-09-24,GR | Vitamin C Serum 15 ml | Prospecting,Vitamin C Serum 15 ml - Broad,Video,1588.24,20565,1046,37,14360.91
2026-09-25,GR | Vitamin C Serum 15 ml | Prospecting,Vitamin C Serum 15 ml - Broad,Influencer Video,1562.66,16213,745,24,7719.77
2026-09-26,GR | Vitamin C Serum 15 ml | Prospecting,Vitamin C Serum 15 ml - Broad,Influencer Video,1913.16,20007,907,39,11594.73
2026-09-27,GR | Vitamin C Serum 15 ml | Prospecting,Vitamin C Serum 15 ml - Broad,Influencer Video,2024.05,16770,696,35,10545.06
2026-09-28,GR | Vitamin C Serum 15 ml | Prospecting,Vitamin C Serum 15 ml - Broad,Video,2004.48,11065,517,25,8225.69
2026-09-22,GR | Vitamin C Serum 30 ml | Prospecting,Vitamin C Serum 30 ml - Broad,Video,280.47,10725,383,14,8678.7
2026-09-23,GR | Vitamin C Serum 30 ml | Prospecting,Vitamin C Serum 30 ml - Broad,Image,382.01,11100,367,15,8957.17
2026-09-24,GR | Vitamin C Serum 30 ml | Prospecting,Vitamin C Serum 30 ml - Broad,Video,374.6,11670,405,11,5001.56
2026-09-25,GR | Vitamin C Serum 30 ml | Prospecting,Vitamin C Serum 30 ml - Broad,Video,448.1,10513,302,11,6005.26
2026-09-26,GR | Vitamin C Serum 30 ml | Prospecting,Vitamin C Serum 30 ml - Broad,Image,267.85,11303,390,9,4217.13
2026-09-27,GR | Vitamin C Serum 30 ml | Prospecting,Vitamin C Serum 30 ml - Broad,Carousel,424.19,8308,219,6,3048.28
2026-09-28,GR | Vitamin C Serum 30 ml | Prospecting,Vitamin C Serum 30 ml - Broad,Image,358.49,13117,386,13,6846.05
