Day,Product title,Variant title,Variant SKU,Product type,Net quantity,Net sales,Cost of goods sold,Added to cart,Reached checkout
2026-09-22,Body Lotion,200 ml,GR-BODYLOT-200ML,Body,10,7381.46,3985.99,30,13
2026-09-23,Body Lotion,200 ml,GR-BODYLOT-200ML,Body,7,3284.89,1773.84,18,8
2026-09-24,Body Lotion,200 ml,GR-BODYLOT-200ML,Body,21,11374.28,6142.11,56,29
2026-09-25,Body Lotion,200 ml,GR-BODYLOT-200ML,Body,12,5861.38,3165.15,40,15
2026-09-26,Body Lotion,200 ml,GR-BODYLOT-200ML,Body,13,7317.99,3951.71,37,17
2026-09-27,Body Lotion,200 ml,GR-BODYLOT-200ML,Body,12,8041.38,4342.35,40,17
2026-09-28,Body Lotion,200 ml,GR-BODYLOT-200ML,Body,16,9879.95,5335.17,55,23
2026-09-22,Body Lotion,400 ml,GR-BODYLOT-400ML,Body,14,12860.98,6687.71,61,32
2026-09-23,Body Lotion,400 ml,GR-BODYLOT-400ML,Body,12,14172.25,7369.57,31,15
2026-09-24,Body Lotion,400 ml,GR-BODYLOT-400ML,Body,7,5433.22,2825.27,25,9
2026-09-25,Body Lotion,400 ml,GR-BODYLOT-400ML,Body,9,8007.8,4164.06,29,14
2026-09-26,Body Lotion,400 ml,GR-BODYLOT-400ML,Body,18,15092.97,7848.34,46,25
2026-09-27,Body Lotion,400 ml,GR-BODYLOT-400ML,Body,12,11428.23,5942.68,28,17
2026-09-28,Body Lotion,400 ml,GR-BODYLOT-400ML,Body,15,11646.75,6056.31,48,28
2026-09-22,Glow Combo,Full (30ml + 150ml),GR-COMBO-FULL,Combos,59,54416.19,26663.93,131,84
2026-09-23,Glow Combo,Full (30ml + 150ml),GR-COMBO-FULL,Combos,29,43011.39,21075.58,110,38
2026-09-24,Glow Combo,Full (30ml + 150ml),GR-COMBO-FULL,Combos,32,25272.82,12383.68,97,38
2026-09-25,Glow Combo,Full (30ml + 150ml),GR-COMBO-FULL,Combos,27,21705.67,10635.78,79,45
2026-09-26,Glow Combo,Full (30ml + 150ml),GR-COMBO-FULL,Combos,61,49608.28,24308.06,180,96
2026-09-27,Glow Combo,Full (30ml + 150ml),GR-COMBO-FULL,Combos,34,37502.65,18376.3,94,40
2026-09-28,Glow Combo,Full (30ml + 150ml),GR-COMBO-FULL,Combos,31,37442.87,18347.01,144,79
2026-09-22,Glow Combo,Starter (15ml + 100ml),GR-COMBO-STARTER,Combos,27,19302.47,11002.41,145,90
2026-09-23,Glow Combo,Starter (15ml + 100ml),GR-COMBO-STARTER,Combos,25,15490.41,8829.53,57,35
2026-09-24,Glow Combo,Starter (15ml + 100ml),GR-COMBO-STARTER,Combos,22,13601.58,7752.9,95,51
2026-09-25,Glow Combo,Starter (15ml + 100ml),GR-COMBO-STARTER,Combos,21,12502.4,7126.37,76,33
2026-09-26,Glow Combo,Starter (15ml + 100ml),GR-COMBO-STARTER,Combos,37,22066.88,12578.12,122,64
2026-09-27,Glow Combo,Starter (15ml + 100ml),GR-COMBO-STARTER,Combos,37,22957.84,13085.97,124,57
2026-09-28,Glow Combo,Starter (15ml + 100ml),GR-COMBO-STARTER,Combos,24,14402.69,8209.53,52,30
2026-09-22,Ubtan Face Wash,100 ml,GR-FACEWASH-100ML,Skin,27,6597.46,3958.48,88,34
2026-09-23,Ubtan Face Wash,100 ml,GR-FACEWASH-100ML,Skin,68,17182.41,10309.45,211,93
2026-09-24,Ubtan Face Wash,100 ml,GR-FACEWASH-100ML,Skin,34,11432.6,6859.56,102,48
2026-09-25,Ubtan Face Wash,100 ml,GR-FACEWASH-100ML,Skin,36,8750.97,5250.58,102,48
2026-09-26,Ubtan Face Wash,100 ml,GR-FACEWASH-100ML,Skin,45,11315.78,6789.47,91,55
2026-09-27,Ubtan Face Wash,100 ml,GR-FACEWASH-100ML,Skin,34,7894.89,4736.93,86,44
2026-09-28,Ubtan Face Wash,100 ml,GR-FACEWASH-100ML,Skin,55,14640.8,8784.48,149,75
2026-09-22,Ubtan Face Wash,150 ml,GR-FACEWASH-150ML,Skin,81,26716.16,15228.21,189,119
2026-09-23,Ubtan Face Wash,150 ml,GR-FACEWASH-150ML,Skin,57,18701.99,10660.13,141,75
2026-09-24,Ubtan Face Wash,150 ml,GR-FACEWASH-150ML,Skin,53,18354.53,10462.08,129,64
2026-09-25,Ubtan Face Wash,150 ml,GR-FACEWASH-150ML,Skin,37,11928.34,6799.15,92,51
2026-09-26,Ubtan Face Wash,150 ml,GR-FACEWASH-150ML,Skin,62,25763.46,14685.17,128,79
2026-09-27,Ubtan Face Wash,150 ml,GR-FACEWASH-150ML,Skin,58,19042.7,10854.34,135,77
2026-09-28,Ubtan Face Wash,150 ml,GR-FACEWASH-150ML,Skin,32,10673.39,6083.83,93,42
2026-09-22,Onion Hair Oil,150 ml,GR-HAIROIL-150ML,Hair,18,6955.19,3825.35,54,21
2026-09-23,Onion Hair Oil,150 ml,GR-HAIROIL-150ML,Hair,33,13378.55,7358.2,87,52
2026-09-24,Onion Hair Oil,150 ml,GR-HAIROIL-150ML,Hair,24,9504.66,5227.56,74,34
2026-09-25,Onion Hair Oil,150 ml,GR-HAIROIL-150ML,Hair,41,16080.81,8844.45,103,50
2026-09-26,Onion Hair Oil,150 ml,GR-HAIROIL-150ML,Hair,68,25072.77,13790.02,148,89
2026-09-27,Onion Hair Oil,150 ml,GR-HAIROIL-150ML,Hair,50,21347.85,11741.32,111,65
2026-09-28,Onion Hair Oil,150 ml,GR-HAIROIL-150ML,Hair,24,11491.68,6320.42,107,39
2026-09-22,Onion Hair Oil,250 ml,GR-HAIROIL-250ML,Hair,45,26055.53,13548.88,114,60
2026-09-23,Onion Hair Oil,250 ml,GR-HAIROIL-250ML,Hair,20,11041.82,5741.75,48,25
2026-09-24,Onion Hair Oil,250 ml,GR-HAIROIL-250ML,Hair,33,25151.95,13079.01,102,44
2026-09-25,Onion Hair Oil,250 ml,GR-HAIROIL-250ML,Hair,42,31692.33,16480.01,97,56
2026-09-26,Onion Hair Oil,250 ml,GR-HAIROIL-250ML,Hair,26,14551.07,7566.56,67,34
2026-09-27,Onion Hair Oil,250 ml,GR-HAIROIL-250ML,Hair,43,26559.98,13811.19,115,60
2026-09-28,Onion Hair Oil,250 ml,GR-HAIROIL-250ML,Hair,19,13322.81,6927.86,44,24
2026-09-22,Lip Balm,Cherry,GR-LIPBAL-CHERRY,Lips,31,7266.64,4723.32,86,46
2026-09-23,Lip Balm,Cherry,GR-LIPBAL-CHERRY,Lips,35,7463.06,4850.99,152,73
2026-09-24,Lip Balm,Cherry,GR-LIPBAL-CHERRY,Lips,35,6438.27,4184.88,135,55
2026-09-25,Lip Balm,Cherry,GR-LIPBAL-CHERRY,Lips,40,9085.14,5905.34,104,64
2026-09-26,Lip Balm,Cherry,GR-LIPBAL-CHERRY,Lips,25,5889.68,3828.29,63,33
2026-09-27,Lip Balm,Cherry,GR-LIPBAL-CHERRY,Lips,63,11704.4,7607.86,202,85
2026-09-28,Lip Balm,Cherry,GR-LIPBAL-CHERRY,Lips,49,12532.83,8146.34,170,94
2026-09-22,Lip Balm,Natural,GR-LIPBAL-NATURAL,Lips,43,9314.39,5774.92,158,51
2026-09-23,Lip Balm,Natural,GR-LIPBAL-NATURAL,Lips,50,10487.25,6502.1,182,81
2026-09-24,Lip Balm,Natural,GR-LIPBAL-NATURAL,Lips,35,6853.97,4249.46,74,47
2026-09-25,Lip Balm,Natural,GR-LIPBAL-NATURAL,Lips,57,10462.08,6486.49,140,71
2026-09-26,Lip Balm,Natural,GR-LIPBAL-NATURAL,Lips,58,11214.15,6952.77,163,87
2026-09-27,Lip Balm,Natural,GR-LIPBAL-NATURAL,Lips,40,7952.65,4930.64,124,56
2026-09-28,Lip Balm,Natural,GR-LIPBAL-NATURAL,Lips,31,6171.39,3826.26,113,42
2026-09-22,Lip Balm,Strawberry,GR-LIPBAL-STRAWB,Lips,43,9431.72,6130.62,126,62
2026-09-23,Lip Balm,Strawberry,GR-LIPBAL-STRAWB,Lips,32,5996.08,3897.45,80,47
2026-09-24,Lip Balm,Strawberry,GR-LIPBAL-STRAWB,Lips,37,7114.98,4624.74,107,53
2026-09-25,Lip Balm,Strawberry,GR-LIPBAL-STRAWB,Lips,42,7824.38,5085.85,127,50
2026-09-26,Lip Balm,Strawberry,GR-LIPBAL-STRAWB,Lips,32,6212.68,4038.24,69,46
2026-09-27,Lip Balm,Strawberry,GR-LIPBAL-STRAWB,Lips,23,4906.45,3189.19,56,30
2026-09-28,Lip Balm,Strawberry,GR-LIPBAL-STRAWB,Lips,40,7529.62,4894.25,83,53
2026-09-22,Aloe Moisturizer,100 g,GR-MOIST-100G,Skin,31,19380.56,9884.09,93,51
2026-09-23,Aloe Moisturizer,100 g,GR-MOIST-100G,Skin,19,14084.01,7182.85,53,24
2026-09-24,Aloe Moisturizer,100 g,GR-MOIST-100G,Skin,11,7178.33,3660.95,43,14
2026-09-25,Aloe Moisturizer,100 g,GR-MOIST-100G,Skin,12,7206.27,3675.2,31,15
2026-09-26,Aloe Moisturizer,100 g,GR-MOIST-100G,Skin,23,14401.03,7344.53,89,52
2026-09-27,Aloe Moisturizer,100 g,GR-MOIST-100G,Skin,13,8035.39,4098.05,37,16
2026-09-28,Aloe Moisturizer,100 g,GR-MOIST-100G,Skin,10,6527.44,3328.99,27,12
2026-09-22,Aloe Moisturizer,50 g,GR-MOIST-50G,Skin,37,15322.05,7967.47,87,47
2026-09-23,Aloe Moisturizer,50 g,GR-MOIST-50G,Skin,54,22627.31,11766.2,158,73
2026-09-24,Aloe Moisturizer,50 g,GR-MOIST-50G,Skin,45,16600.03,8632.02,126,63
2026-09-25,Aloe Moisturizer,50 g,GR-MOIST-50G,Skin,19,7068.17,3675.45,63,27
2026-09-26,Aloe Moisturizer,50 g,GR-MOIST-50G,Skin,12,4413.68,2295.11,34,17
2026-09-27,Aloe Moisturizer,50 g,GR-MOIST-50G,Skin,81,34528.37,17954.75,211,107
2026-09-28,Aloe Moisturizer,50 g,GR-MOIST-50G,Skin,20,7983.28,4151.31,56,27
2026-09-22,Retinol Serum,15 ml,GR-RET-15ML,Skin,20,14086.41,6761.48,49,27
2026-09-23,Retinol Serum,15 ml,GR-RET-15ML,Skin,9,6214.22,2982.83,27,13
2026-09-24,Retinol Serum,15 ml,GR-RET-15ML,Skin,21,16856.21,8090.98,45,27
2026-09-25,Retinol Serum,15 ml,GR-RET-15ML,Skin,19,12995.1,6237.65,59,36
2026-09-26,Retinol Serum,15 ml,GR-RET-15ML,Skin,31,26919.02,12921.13,74,41
2026-09-27,Retinol Serum,15 ml,GR-RET-15ML,Skin,13,8686.9,4169.71,33,17
2026-09-28,Retinol Serum,15 ml,GR-RET-15ML,Skin,11,7809.16,3748.4,30,15
2026-09-22,Retinol Serum,30 ml,GR-RET-30ML,Skin,22,25897.92,11913.04,66,27
2026-09-23,Retinol Serum,30 ml,GR-RET-30ML,Skin,20,20407.85,9387.61,52,28
2026-09-24,Retinol Serum,30 ml,GR-RET-30ML,Skin,27,28889.32,13289.09,70,36
2026-09-25,Retinol Serum,30 ml,GR-RET-30ML,Skin,24,24777.22,11397.52,90,48
2026-09-26,Retinol Serum,30 ml,GR-RET-30ML,Skin,37,39763.91,18291.4,95,46
2026-09-27,Retinol Serum,30 ml,GR-RET-30ML,Skin,47,53908.57,24797.94,123,70
2026-09-28,Retinol Serum,30 ml,GR-RET-30ML,Skin,14,14901.96,6854.9,42,18
2026-09-22,Onion Shampoo,250 ml,GR-SHAMP-250ML,Hair,14,4737.57,3647.93,39,18
2026-09-23,Onion Shampoo,250 ml,GR-SHAMP-250ML,Hair,11,3581.96,2758.11,29,15
2026-09-24,Onion Shampoo,250 ml,GR-SHAMP-250ML,Hair,16,6637.81,5111.11,39,20
2026-09-25,Onion Shampoo,250 ml,GR-SHAMP-250ML,Hair,8,2752.33,2119.29,28,11
2026-09-26,Onion Shampoo,250 ml,GR-SHAMP-250ML,Hair,11,4366.32,3362.07,55,30
2026-09-27,Onion Shampoo,250 ml,GR-SHAMP-250ML,Hair,18,8723.11,6716.79,56,29
2026-09-28,Onion Shampoo,250 ml,GR-SHAMP-250ML,Hair,28,9785.52,7534.85,90,36
2026-09-22,Onion Shampoo,400 ml,GR-SHAMP-400ML,Hair,10,4656.26,3352.51,28,12
2026-09-23,Onion Shampoo,400 ml,GR-SHAMP-400ML,Hair,13,8390.59,6041.22,36,21
2026-09-24,Onion Shampoo,400 ml,GR-SHAMP-400ML,Hair,16,11149.73,8027.81,51,22
2026-09-25,Onion Shampoo,400 ml,GR-SHAMP-400ML,Hair,10,6119.56,4406.08,31,13
2026-09-26,Onion Shampoo,400 ml,GR-SHAMP-400ML,Hair,8,4724.6,3401.71,27,11
2026-09-27,Onion Shampoo,400 ml,GR-SHAMP-400ML,Hair,12,6601.1,4752.79,32,15
2026-09-28,Onion Shampoo,400 ml,GR-SHAMP-400ML,Hair,14,7034.25,5064.66,39,18
2026-09-22,Sunscreen SPF 50,100 g,GR-SUNSCR-100G,Skin,30,27989.92,14554.76,91,42
2026-09-23,Sunscreen SPF 50,100 g,GR-SUNSCR-100G,Skin,13,16404.64,8530.41,34,17
2026-09-24,Sunscreen SPF 50,100 g,GR-SUNSCR-100G,Skin,28,24600.29,12792.15,92,56
2026-09-25,Sunscreen SPF 50,100 g,GR-SUNSCR-100G,Skin,13,9030.59,4695.91,36,20
2026-09-26,Sunscreen SPF 50,100 g,GR-SUNSCR-100G,Skin,28,25108.58,13056.46,68,36
2026-09-27,Sunscreen SPF 50,100 g,GR-SUNSCR-100G,Skin,35,30883.05,16059.19,74,43
2026-09-28,Sunscreen SPF 50,100 g,GR-SUNSCR-100G,Skin,25,17903.13,9309.63,83,35
2026-09-22,Sunscreen SPF 50,50 g,GR-SUNSCR-50G,Skin,29,12800.12,6784.06,74,37
2026-09-23,Sunscreen SPF 50,50 g,GR-SUNSCR-50G,Skin,30,13437.06,7121.64,66,41
2026-09-24,Sunscreen SPF 50,50 g,GR-SUNSCR-50G,Skin,15,8953.34,4745.27,38,20
2026-09-25,Sunscreen SPF 50,50 g,GR-SUNSCR-50G,Skin,18,8048.62,4265.77,43,23
2026-09-26,Sunscreen SPF 50,50 g,GR-SUNSCR-50G,Skin,30,15672.34,8306.34,86,42
2026-09-27,Sunscreen SPF 50,50 g,GR-SUNSCR-50G,Skin,19,8164.19,4327.02,48,24
2026-09-28,Sunscreen SPF 50,50 g,GR-SUNSCR-50G,Skin,26,10864.43,5758.15,65,32
2026-09-22,Vitamin C Serum,15 ml,GR-VITC-15ML,Skin,39,15818.18,7434.54,105,50
2026-09-23,Vitamin C Serum,15 ml,GR-VITC-15ML,Skin,52,23699.15,11138.6,112,71
2026-09-24,Vitamin C Serum,15 ml,GR-VITC-15ML,Skin,53,25924.12,12184.34,165,70
2026-09-25,Vitamin C Serum,15 ml,GR-VITC-15ML,Skin,35,13935.62,6549.74,103,48
2026-09-26,Vitamin C Serum,15 ml,GR-VITC-15ML,Skin,56,20930.64,9837.4,182,83
2026-09-27,Vitamin C Serum,15 ml,GR-VITC-15ML,Skin,50,19035.79,8946.82,152,69
2026-09-28,Vitamin C Serum,15 ml,GR-VITC-15ML,Skin,36,14848.91,6978.99,89,53
2026-09-22,Vitamin C Serum,30 ml,GR-VITC-30ML,Skin,32,25650.62,12055.79,97,57
2026-09-23,Vitamin C Serum,30 ml,GR-VITC-30ML,Skin,36,26473.65,12442.62,108,57
2026-09-24,Vitamin C Serum,30 ml,GR-VITC-30ML,Skin,26,14782.52,6947.78,65,34
2026-09-25,Vitamin C Serum,30 ml,GR-VITC-30ML,Skin,25,17749.04,8342.05,58,30
2026-09-26,Vitamin C Serum,30 ml,GR-VITC-30ML,Skin,22,12464.08,5858.12,69,29
2026-09-27,Vitamin C Serum,30 ml,GR-VITC-30ML,Skin,15,9009.44,4234.44,48,22
2026-09-28,Vitamin C Serum,30 ml,GR-VITC-30ML,Skin,30,20234.05,9510.0,77,40
