date,sku,recommended_action,next_day_roas,next_day_profit_inr,next_day_revenue_inr,next_day_sales_volume,next_day_inventory_days,next_day_stockout,baseline_roas,baseline_profit_inr,roas_change_pct,profit_change_pct,action_success,decision_confidence_pct,opportunity_score,roas_improvement,profit_improvement,feedback_status
2026-09-01,GR-BODYLOT-200ML,MAINTAIN,4.92,2590.04,9801.1,18.0,22.36,0.0,6.053,3478.32,-18.72,-25.54,0,82,65.01,-1.133,-888.2800000000002,NEGATIVE_OUTCOME
2026-09-02,GR-BODYLOT-200ML,MAINTAIN,3.995,1562.28,7541.01,15.0,25.04,0.0,4.92,2590.04,-18.8,-39.68,0,82,67.2,-0.9249999999999998,-1027.76,NEGATIVE_OUTCOME
2026-09-03,GR-BODYLOT-200ML,INCREASE_BUDGET,5.101,2163.93,8238.39,14.0,24.95,0.0,3.995,1562.28,27.68,38.51,1,90,65.16,1.1059999999999999,601.6499999999999,SUCCESS
2026-09-04,GR-BODYLOT-200ML,MAINTAIN,6.397,3757.55,12082.67,19.0,18.82,0.0,5.101,2163.93,25.41,73.64,1,82,71.05,1.2960000000000003,1593.6200000000003,SUCCESS
2026-09-05,GR-BODYLOT-200ML,MAINTAIN,6.62,4791.06,14388.34,28.0,12.6,0.0,6.397,3757.55,3.49,27.5,1,82,65.36,0.22299999999999986,1033.5100000000002,SUCCESS
2026-09-06,GR-BODYLOT-200ML,MAINTAIN,3.585,1811.94,9170.01,19.0,15.83,0.0,6.62,4791.06,-45.85,-62.18,0,82,63.56,-3.035,-2979.1200000000003,NEGATIVE_OUTCOME
2026-09-07,GR-BODYLOT-200ML,INCREASE_BUDGET,4.782,2914.92,11356.85,23.0,14.03,0.0,3.585,1811.94,33.39,60.87,1,90,57.8,1.197,1102.98,SUCCESS
2026-09-08,GR-BODYLOT-200ML,MAINTAIN,4.961,2898.02,10724.73,22.0,14.73,0.0,4.782,2914.92,3.74,-0.58,1,82,63.48,0.17900000000000027,-16.90000000000009,SUCCESS
2026-09-09,GR-BODYLOT-200ML,INCREASE_BUDGET,2.737,738.43,6162.91,13.0,19.25,0.0,4.961,2898.02,-44.83,-74.52,0,90,66.91,-2.224,-2159.59,NEGATIVE_OUTCOME
2026-09-10,GR-BODYLOT-200ML,MAINTAIN,3.153,1165.67,7201.99,15.0,17.22,0.0,2.737,738.43,15.2,57.86,1,90,52.44,0.4159999999999999,427.2400000000001,SUCCESS
2026-09-11,GR-BODYLOT-200ML,MAINTAIN,5.895,3292.65,10315.89,19.0,11.39,0.0,3.153,1165.67,86.96,182.47,1,82,53.15,2.7419999999999995,2126.98,SUCCESS
2026-09-12,GR-BODYLOT-200ML,INCREASE_BUDGET,2.899,723.68,5904.26,12.0,17.34,0.0,5.895,3292.65,-50.82,-78.02,0,90,64.16,-2.9959999999999996,-2568.9700000000003,NEGATIVE_OUTCOME
2026-09-13,GR-BODYLOT-200ML,MAINTAIN,6.181,3586.7,11950.56,24.0,9.41,0.0,2.899,723.68,113.21,395.62,1,74,49.88,3.282,2863.02,SUCCESS
2026-09-14,GR-BODYLOT-200ML,MAINTAIN,2.354,169.87,4473.86,9.0,18.86,0.0,6.181,3586.7,-61.92,-95.26,0,90,67.06,-3.827,-3416.83,NEGATIVE_OUTCOME
2026-09-15,GR-BODYLOT-200ML,MAINTAIN,3.207,1242.23,8554.72,17.0,11.04,0.0,2.354,169.87,36.24,631.28,1,74,50.88,0.8529999999999998,1072.3600000000001,SUCCESS
2026-09-16,GR-BODYLOT-200ML,MAINTAIN,4.445,2078.12,8143.38,17.0,8.82,0.0,3.207,1242.23,38.6,67.29,1,90,50.79,1.2380000000000004,835.8899999999999,SUCCESS
2026-09-17,GR-BODYLOT-200ML,MAINTAIN,2.182,88.25,4324.74,9.0,15.41,0.0,4.445,2078.12,-50.91,-95.75,0,90,58.82,-2.2630000000000003,-1989.87,NEGATIVE_OUTCOME
2026-09-18,GR-BODYLOT-200ML,MAINTAIN,5.538,3956.9,13364.57,27.0,4.45,0.0,2.182,88.25,153.8,4383.74,1,74,43.88,3.3560000000000003,3868.65,SUCCESS
2026-09-19,GR-BODYLOT-200ML,MAINTAIN,1.924,-221.42,4408.0,9.0,11.95,0.0,5.538,3956.9,-65.26,-105.6,0,82,62.14,-3.6140000000000003,-4178.32,NEGATIVE_OUTCOME
2026-09-20,GR-BODYLOT-200ML,DECREASE_BUDGET,5.762,2568.82,8456.75,14.0,6.33,0.0,1.924,-221.42,199.48,1260.16,1,66,44.31,3.8379999999999996,2790.2400000000002,SUCCESS
2026-09-21,GR-BODYLOT-200ML,MAINTAIN,3.446,1306.53,7381.46,10.0,6.69,0.0,5.762,2568.82,-40.19,-49.14,0,82,65.39,-2.3159999999999994,-1262.2900000000002,NEGATIVE_OUTCOME
2026-09-22,GR-BODYLOT-200ML,CHANGE_CREATIVE,1.426,-693.89,3284.89,7.0,9.56,0.0,3.446,1306.53,-58.62,-153.11,0,74,49.34,-2.0200000000000005,-2000.42,NEGATIVE_OUTCOME
2026-09-23,GR-BODYLOT-200ML,DECREASE_BUDGET,5.147,3387.32,11374.28,21.0,2.51,0.0,1.426,-693.89,260.94,588.16,1,66,41.53,3.721,4081.21,SUCCESS
2026-09-24,GR-BODYLOT-200ML,PROTECT_INVENTORY,3.121,881.93,5861.38,12.0,3.46,0.0,5.147,3387.32,-39.36,-73.96,0,82,61.57,-2.0260000000000002,-2505.3900000000003,NEGATIVE_OUTCOME
2026-09-25,GR-BODYLOT-200ML,PROTECT_INVENTORY,3.644,1446.11,7317.99,13.0,1.9,0.0,3.121,881.93,16.76,63.97,1,82,49.29,0.5230000000000001,564.18,SUCCESS
2026-09-26,GR-BODYLOT-200ML,PROTECT_INVENTORY,3.625,1598.38,8041.38,12.0,0.87,0.0,3.644,1446.11,-0.52,10.53,0,74,49.35,-0.019000000000000128,152.2700000000002,MIXED_OUTCOME
2026-09-27,GR-BODYLOT-200ML,PROTECT_INVENTORY,4.758,2497.8,9879.95,16.0,0.0,1.0,3.625,1598.38,31.26,56.27,1,74,48.99,1.133,899.4200000000001,SUCCESS
2026-09-01,GR-BODYLOT-400ML,MAINTAIN,3.588,869.79,3696.66,5.0,47.05,0.0,20.99,5836.39,-82.91,-85.1,0,82,69.67,-17.401999999999997,-4966.6,NEGATIVE_OUTCOME
2026-09-02,GR-BODYLOT-400ML,MAINTAIN,9.647,3257.58,8898.13,11.0,33.02,0.0,3.588,869.79,168.87,274.52,1,74,58.83,6.059,2387.79,SUCCESS
2026-09-03,GR-BODYLOT-400ML,MAINTAIN,8.531,3249.05,8583.48,9.0,33.84,0.0,9.647,3257.58,-11.57,-0.26,0,90,71.99,-1.1159999999999997,-8.529999999999745,NEGATIVE_OUTCOME
2026-09-04,GR-BODYLOT-400ML,MAINTAIN,16.926,6334.77,14983.29,19.0,15.41,0.0,8.531,3249.05,98.41,94.97,1,90,73.87,8.394999999999998,3085.7200000000003,SUCCESS
2026-09-05,GR-BODYLOT-400ML,MAINTAIN,11.557,4339.6,11330.39,14.0,20.11,0.0,16.926,6334.77,-31.72,-31.5,0,82,63.72,-5.368999999999998,-1995.17,NEGATIVE_OUTCOME
2026-09-06,GR-BODYLOT-400ML,MAINTAIN,11.383,4509.2,11322.04,13.0,20.38,0.0,11.557,4339.6,-1.51,3.91,0,82,67.57,-0.17400000000000126,169.59999999999945,MIXED_OUTCOME
2026-09-07,GR-BODYLOT-400ML,INCREASE_BUDGET,6.096,2014.59,6250.69,8.0,30.82,0.0,11.383,4509.2,-46.45,-55.32,0,90,70.06,-5.286999999999999,-2494.6099999999997,NEGATIVE_OUTCOME
2026-09-08,GR-BODYLOT-400ML,MAINTAIN,12.382,5429.34,12761.36,17.0,16.53,0.0,6.096,2014.59,103.12,169.5,1,82,69.72,6.286,3414.75,SUCCESS
2026-09-09,GR-BODYLOT-400ML,INCREASE_BUDGET,10.401,4323.57,10363.42,14.0,18.74,0.0,12.382,5429.34,-16.0,-20.37,0,90,67.59,-1.9809999999999999,-1105.7700000000004,NEGATIVE_OUTCOME
2026-09-10,GR-BODYLOT-400ML,MAINTAIN,5.548,2199.34,6772.41,9.0,20.34,0.0,10.401,4323.57,-46.66,-49.13,0,82,65.04,-4.853,-2124.2299999999996,NEGATIVE_OUTCOME
2026-09-11,GR-BODYLOT-400ML,INCREASE_BUDGET,9.888,4177.59,11296.38,14.0,19.84,0.0,5.548,2199.34,78.23,89.95,1,90,73.51,4.34,1978.25,SUCCESS
2026-09-12,GR-BODYLOT-400ML,MAINTAIN,10.77,5254.56,13159.07,14.0,16.61,0.0,9.888,4177.59,8.92,25.78,1,82,65.84,0.8819999999999997,1076.9700000000003,SUCCESS
2026-09-13,GR-BODYLOT-400ML,INCREASE_BUDGET,13.095,4895.86,11703.68,14.0,16.55,0.0,10.77,5254.56,21.59,-6.83,1,90,66.12,2.325000000000001,-358.7000000000007,SUCCESS
2026-09-14,GR-BODYLOT-400ML,INCREASE_BUDGET,10.364,4007.86,9660.59,13.0,16.65,0.0,13.095,4895.86,-20.86,-18.14,0,90,69.56,-2.731,-887.9999999999995,NEGATIVE_OUTCOME
2026-09-15,GR-BODYLOT-400ML,INCREASE_BUDGET,12.804,6037.94,14022.67,17.0,8.84,0.0,10.364,4007.86,23.54,50.65,1,90,68.2,2.4399999999999995,2030.0799999999995,SUCCESS
2026-09-16,GR-BODYLOT-400ML,MAINTAIN,11.886,5622.51,13447.49,14.0,12.91,0.0,12.804,6037.94,-7.17,-6.88,0,90,63.92,-0.918000000000001,-415.4299999999994,NEGATIVE_OUTCOME
2026-09-17,GR-BODYLOT-400ML,INCREASE_BUDGET,4.562,1497.74,5302.45,7.0,17.9,0.0,11.886,5622.51,-61.62,-73.36,0,90,63.84,-7.323999999999999,-4124.77,NEGATIVE_OUTCOME
2026-09-18,GR-BODYLOT-400ML,MAINTAIN,27.898,12413.77,27130.14,29.0,5.17,0.0,4.562,1497.74,511.53,728.83,1,82,59.53,23.336,10916.03,SUCCESS
2026-09-19,GR-BODYLOT-400ML,MAINTAIN,10.72,3654.4,9707.65,12.0,8.68,0.0,27.898,12413.77,-61.57,-70.56,0,82,61.68,-17.177999999999997,-8759.37,NEGATIVE_OUTCOME
2026-09-20,GR-BODYLOT-400ML,MAINTAIN,16.232,7272.77,17648.21,22.0,3.87,0.0,10.72,3654.4,51.42,99.01,1,90,62.19,5.511999999999999,3618.3700000000003,SUCCESS
2026-09-21,GR-BODYLOT-400ML,PROTECT_INVENTORY,12.404,5180.04,12860.98,14.0,5.59,0.0,16.232,7272.77,-23.58,-28.77,0,82,62.28,-3.8279999999999994,-2092.7300000000005,NEGATIVE_OUTCOME
2026-09-22,GR-BODYLOT-400ML,MAINTAIN,12.562,5597.93,14172.25,12.0,7.06,0.0,12.404,5180.04,1.27,8.07,1,82,64.15,0.15799999999999947,417.8900000000003,SUCCESS
2026-09-23,GR-BODYLOT-400ML,MAINTAIN,4.33,1405.16,5433.22,7.0,5.71,0.0,12.562,5597.93,-65.53,-74.9,0,90,61.01,-8.232,-4192.77,NEGATIVE_OUTCOME
2026-09-24,GR-BODYLOT-400ML,MAINTAIN,7.978,2872.09,8007.8,9.0,5.3,0.0,4.33,1405.16,84.25,104.4,1,82,56.91,3.6479999999999997,1466.93,SUCCESS
2026-09-25,GR-BODYLOT-400ML,MAINTAIN,14.968,6308.66,15092.97,18.0,1.31,0.0,7.978,2872.09,87.62,119.65,1,74,58.31,6.99,3436.5699999999997,SUCCESS
2026-09-26,GR-BODYLOT-400ML,PROTECT_INVENTORY,12.439,4575.79,11428.23,12.0,1.45,0.0,14.968,6308.66,-16.9,-27.47,0,82,61.33,-2.529,-1732.87,NEGATIVE_OUTCOME
2026-09-27,GR-BODYLOT-400ML,PROTECT_INVENTORY,9.92,4525.96,11646.75,15.0,0.1,0.0,12.439,4575.79,-20.25,-1.09,0,82,60.23,-2.519,-49.82999999999993,NEGATIVE_OUTCOME
2026-09-01,GR-COMBO-FULL,MAINTAIN,23.475,20054.51,44027.47,51.0,11.78,0.0,18.527,13485.61,26.71,48.71,1,82,68.03,4.948,6568.899999999998,SUCCESS
2026-09-02,GR-COMBO-FULL,MAINTAIN,23.07,16036.41,33391.11,36.0,14.76,0.0,23.475,20054.51,-1.73,-20.04,0,90,65.83,-0.40500000000000114,-4018.0999999999985,NEGATIVE_OUTCOME
2026-09-03,GR-COMBO-FULL,MAINTAIN,13.869,11784.62,27395.8,32.0,15.39,0.0,23.07,16036.41,-39.88,-26.51,0,82,67.0,-9.201,-4251.789999999999,NEGATIVE_OUTCOME
2026-09-04,GR-COMBO-FULL,INCREASE_BUDGET,29.711,27540.13,57043.32,61.0,6.23,0.0,13.869,11784.62,114.23,133.7,1,90,66.76,15.841999999999999,15755.51,SUCCESS
2026-09-05,GR-COMBO-FULL,MAINTAIN,25.733,21953.45,43657.57,55.0,7.87,0.0,29.711,27540.13,-13.39,-20.29,0,82,62.33,-3.977999999999998,-5586.68,NEGATIVE_OUTCOME
2026-09-06,GR-COMBO-FULL,MAINTAIN,23.9,16942.27,36990.11,43.0,9.28,0.0,25.733,21953.45,-7.12,-22.83,0,90,63.89,-1.833000000000002,-5011.18,NEGATIVE_OUTCOME
2026-09-07,GR-COMBO-FULL,MAINTAIN,23.391,17844.97,35203.65,45.0,5.87,0.0,23.9,16942.27,-2.13,5.33,0,90,63.44,-0.5090000000000003,902.7000000000007,MIXED_OUTCOME
2026-09-08,GR-COMBO-FULL,MAINTAIN,13.085,12093.98,27426.77,33.0,7.56,0.0,23.391,17844.97,-44.06,-32.23,0,82,60.38,-10.305999999999997,-5750.990000000002,NEGATIVE_OUTCOME
2026-09-09,GR-COMBO-FULL,MAINTAIN,16.762,12864.53,29425.17,34.0,7.17,0.0,13.085,12093.98,28.1,6.37,1,90,64.26,3.6769999999999996,770.5500000000011,SUCCESS
2026-09-10,GR-COMBO-FULL,MAINTAIN,20.828,16838.08,34406.27,43.0,4.46,0.0,16.762,12864.53,24.26,30.89,1,90,63.99,4.065999999999999,3973.550000000001,SUCCESS
2026-09-11,GR-COMBO-FULL,MAINTAIN,22.229,17743.6,35708.67,45.0,2.74,0.0,20.828,16838.08,6.73,5.38,1,82,62.6,1.4009999999999998,905.5199999999968,SUCCESS
2026-09-12,GR-COMBO-FULL,PROTECT_INVENTORY,20.375,15178.36,32429.75,39.0,2.61,0.0,22.229,17743.6,-8.34,-14.46,0,82,65.12,-1.8539999999999992,-2565.239999999998,NEGATIVE_OUTCOME
2026-09-13,GR-COMBO-FULL,PROTECT_INVENTORY,15.079,11982.51,26897.09,24.0,2.48,0.0,20.375,15178.36,-25.99,-21.06,0,82,61.18,-5.295999999999999,-3195.8500000000004,NEGATIVE_OUTCOME
2026-09-14,GR-COMBO-FULL,PROTECT_INVENTORY,25.843,21059.92,44710.8,53.0,0.62,0.0,15.079,11982.51,71.38,75.76,1,82,59.58,10.764,9077.409999999998,SUCCESS
2026-09-15,GR-COMBO-FULL,PROTECT_INVENTORY,19.156,14642.66,32514.68,38.0,0.0,1.0,25.843,21059.92,-25.88,-30.47,0,82,64.13,-6.687000000000001,-6417.259999999998,NEGATIVE_OUTCOME
2026-09-16,GR-COMBO-FULL,PROTECT_INVENTORY,24.21,15039.7,31480.14,38.0,0.0,1.0,19.156,14642.66,26.38,2.71,1,82,64.99,5.054000000000002,397.0400000000009,SUCCESS
2026-09-17,GR-COMBO-FULL,PROTECT_INVENTORY,17.862,14243.63,29765.09,37.0,0.0,1.0,24.21,15039.7,-26.22,-5.29,0,82,62.55,-6.3480000000000025,-796.0700000000015,NEGATIVE_OUTCOME
2026-09-18,GR-COMBO-FULL,PROTECT_INVENTORY,23.098,19476.73,39451.57,47.0,0.0,1.0,17.862,14243.63,29.31,36.74,1,82,58.53,5.236000000000001,5233.1,SUCCESS
2026-09-19,GR-COMBO-FULL,PROTECT_INVENTORY,26.674,26317.31,55825.12,59.0,0.0,1.0,23.098,19476.73,15.48,35.12,1,82,59.49,3.5760000000000005,6840.580000000002,SUCCESS
2026-09-20,GR-COMBO-FULL,PROTECT_INVENTORY,23.432,19877.07,42682.96,36.0,0.0,1.0,26.674,26317.31,-12.15,-24.47,0,82,63.63,-3.242000000000001,-6440.240000000002,NEGATIVE_OUTCOME
2026-09-21,GR-COMBO-FULL,PROTECT_INVENTORY,31.501,25534.0,54416.19,59.0,0.0,1.0,23.432,19877.07,34.44,28.46,1,82,58.54,8.069000000000003,5656.93,SUCCESS
2026-09-22,GR-COMBO-FULL,PROTECT_INVENTORY,27.076,20485.4,43011.39,29.0,0.0,1.0,31.501,25534.0,-14.05,-19.77,0,82,63.65,-4.425000000000001,-5048.5999999999985,NEGATIVE_OUTCOME
2026-09-23,GR-COMBO-FULL,PROTECT_INVENTORY,13.122,11834.05,25272.82,32.0,0.0,1.0,27.076,20485.4,-51.54,-42.23,0,74,59.91,-13.954,-8651.350000000002,NEGATIVE_OUTCOME
2026-09-24,GR-COMBO-FULL,PROTECT_INVENTORY,10.839,9607.39,21705.67,27.0,0.0,1.0,13.122,11834.05,-17.4,-18.82,0,82,62.12,-2.2829999999999995,-2226.66,NEGATIVE_OUTCOME
2026-09-25,GR-COMBO-FULL,PROTECT_INVENTORY,23.218,24093.35,49608.28,61.0,0.0,1.0,10.839,9607.39,114.21,150.78,1,74,60.86,12.379,14485.96,SUCCESS
2026-09-26,GR-COMBO-FULL,PROTECT_INVENTORY,20.355,18151.29,37502.65,34.0,0.0,1.0,23.218,24093.35,-12.33,-24.66,0,82,61.52,-2.8629999999999995,-5942.059999999998,NEGATIVE_OUTCOME
2026-09-27,GR-COMBO-FULL,PROTECT_INVENTORY,20.42,17673.6,37442.87,31.0,0.0,1.0,20.355,18151.29,0.32,-2.63,1,82,61.17,0.06500000000000128,-477.6900000000023,SUCCESS
2026-09-01,GR-COMBO-STARTER,INCREASE_BUDGET,4.477,2244.12,9742.4,17.0,33.61,0.0,7.197,4196.69,-37.79,-46.53,0,90,75.54,-2.7199999999999998,-1952.5699999999997,NEGATIVE_OUTCOME
2026-09-02,GR-COMBO-STARTER,MAINTAIN,6.844,3770.06,12165.55,16.0,29.2,0.0,4.477,2244.12,52.87,68.0,1,82,65.8,2.367,1525.94,SUCCESS
2026-09-03,GR-COMBO-STARTER,INCREASE_BUDGET,8.906,4755.73,13902.06,21.0,25.9,0.0,6.844,3770.06,30.13,26.14,1,90,72.45,2.0620000000000003,985.6699999999996,SUCCESS
2026-09-04,GR-COMBO-STARTER,FIX_PAYMENT,12.174,8073.65,22474.94,31.0,14.47,0.0,8.906,4755.73,36.69,69.77,1,82,72.84,3.267999999999999,3317.92,SUCCESS
2026-09-05,GR-COMBO-STARTER,INCREASE_BUDGET,8.051,5995.97,18711.15,32.0,11.15,0.0,12.174,8073.65,-33.87,-25.73,0,90,64.7,-4.122999999999999,-2077.6799999999994,NEGATIVE_OUTCOME
2026-09-06,GR-COMBO-STARTER,INCREASE_BUDGET,7.079,4170.65,14337.94,19.0,17.77,0.0,8.051,5995.97,-12.07,-30.44,0,90,65.82,-0.9720000000000004,-1825.3200000000006,NEGATIVE_OUTCOME
2026-09-07,GR-COMBO-STARTER,INCREASE_BUDGET,4.204,1932.28,9364.73,16.0,20.66,0.0,7.079,4170.65,-40.61,-53.67,0,90,68.52,-2.875,-2238.37,NEGATIVE_OUTCOME
2026-09-08,GR-COMBO-STARTER,MAINTAIN,4.789,2023.64,8788.69,14.0,20.16,0.0,4.204,1932.28,13.92,4.73,1,82,60.01,0.585,91.36000000000013,SUCCESS
2026-09-09,GR-COMBO-STARTER,MAINTAIN,6.935,4830.32,15185.1,27.0,10.7,0.0,4.789,2023.64,44.81,138.69,1,82,66.02,2.146,2806.6799999999994,SUCCESS
2026-09-10,GR-COMBO-STARTER,MAINTAIN,8.778,5305.74,15048.51,27.0,13.38,0.0,6.935,4830.32,26.58,9.84,1,90,64.04,1.8430000000000009,475.4200000000001,SUCCESS
2026-09-11,GR-COMBO-STARTER,MAINTAIN,6.676,4282.61,14803.32,25.0,12.1,0.0,8.778,5305.74,-23.95,-19.28,0,90,63.9,-2.1020000000000003,-1023.1300000000001,NEGATIVE_OUTCOME
2026-09-12,GR-COMBO-STARTER,INCREASE_BUDGET,8.074,5345.1,15621.54,28.0,10.14,0.0,6.676,4282.61,20.94,24.81,1,90,62.46,1.3979999999999997,1062.4900000000007,SUCCESS
2026-09-13,GR-COMBO-STARTER,INCREASE_BUDGET,7.319,3977.52,13698.87,21.0,9.25,0.0,8.074,5345.1,-9.35,-25.59,0,90,64.64,-0.7549999999999999,-1367.5800000000004,NEGATIVE_OUTCOME
2026-09-14,GR-COMBO-STARTER,MAINTAIN,7.911,5444.38,16739.41,20.0,10.01,0.0,7.319,3977.52,8.09,36.88,1,90,66.03,0.5919999999999996,1466.8600000000001,SUCCESS
2026-09-15,GR-COMBO-STARTER,MAINTAIN,4.116,1396.09,7096.16,12.0,12.94,0.0,7.911,5444.38,-47.97,-74.36,0,90,61.59,-3.795,-4048.29,NEGATIVE_OUTCOME
2026-09-16,GR-COMBO-STARTER,INCREASE_BUDGET,9.917,5958.03,18266.04,30.0,5.52,0.0,4.116,1396.09,140.94,326.77,1,90,63.78,5.801,4561.94,SUCCESS
2026-09-17,GR-COMBO-STARTER,MAINTAIN,7.94,5333.95,15452.14,28.0,4.51,0.0,9.917,5958.03,-19.94,-10.47,0,82,65.21,-1.9769999999999994,-624.0799999999999,NEGATIVE_OUTCOME
2026-09-18,GR-COMBO-STARTER,MAINTAIN,6.693,3283.03,11090.61,19.0,5.28,0.0,7.94,5333.95,-15.71,-38.45,0,82,63.58,-1.2470000000000008,-2050.9199999999996,NEGATIVE_OUTCOME
2026-09-19,GR-COMBO-STARTER,MAINTAIN,6.927,3227.95,11047.36,16.0,5.73,0.0,6.693,3283.03,3.5,-1.68,1,82,64.08,0.23399999999999999,-55.08000000000038,SUCCESS
2026-09-20,GR-COMBO-STARTER,MAINTAIN,6.402,3362.4,11763.5,20.0,3.83,0.0,6.927,3227.95,-7.58,4.17,0,82,59.1,-0.5249999999999995,134.45000000000027,MIXED_OUTCOME
2026-09-21,GR-COMBO-STARTER,PROTECT_INVENTORY,14.689,7247.48,19302.47,27.0,1.75,0.0,6.402,3362.4,129.44,115.54,1,82,60.85,8.286999999999999,3885.0799999999995,SUCCESS
2026-09-22,GR-COMBO-STARTER,PROTECT_INVENTORY,8.869,5494.35,15490.41,25.0,0.93,0.0,14.689,7247.48,-39.62,-24.19,0,82,61.24,-5.82,-1753.1299999999992,NEGATIVE_OUTCOME
2026-09-23,GR-COMBO-STARTER,PROTECT_INVENTORY,6.14,3843.48,13601.58,22.0,0.08,0.0,8.869,5494.35,-30.77,-30.05,0,82,59.2,-2.729,-1650.8700000000003,NEGATIVE_OUTCOME
2026-09-24,GR-COMBO-STARTER,PROTECT_INVENTORY,5.277,3090.89,12502.4,21.0,0.0,1.0,6.14,3843.48,-14.06,-19.58,0,82,64.99,-0.8629999999999995,-752.5900000000001,NEGATIVE_OUTCOME
2026-09-25,GR-COMBO-STARTER,PROTECT_INVENTORY,11.191,7648.09,22066.88,37.0,0.0,1.0,5.277,3090.89,112.07,147.44,1,82,59.29,5.914000000000001,4557.200000000001,SUCCESS
2026-09-26,GR-COMBO-STARTER,PROTECT_INVENTORY,10.256,8391.29,22957.84,37.0,0.0,1.0,11.191,7648.09,-8.35,9.72,0,82,61.37,-0.9350000000000005,743.2000000000007,MIXED_OUTCOME
2026-09-27,GR-COMBO-STARTER,PROTECT_INVENTORY,5.766,3742.32,14402.69,24.0,0.0,1.0,10.256,8391.29,-43.78,-55.4,0,74,57.32,-4.49,-4648.970000000001,NEGATIVE_OUTCOME
2026-09-01,GR-FACEWASH-100ML,MAINTAIN,5.51,2444.86,9902.68,39.0,16.49,0.0,6.916,2743.98,-20.33,-10.9,0,82,64.74,-1.4060000000000006,-299.1199999999999,NEGATIVE_OUTCOME
2026-09-02,GR-FACEWASH-100ML,MAINTAIN,11.308,5623.24,16502.27,58.0,10.54,0.0,5.51,2444.86,105.23,130.0,1,90,65.07,5.798,3178.3799999999997,SUCCESS
2026-09-03,GR-FACEWASH-100ML,INCREASE_BUDGET,13.451,6592.04,20284.08,81.0,5.98,0.0,11.308,5623.24,18.95,17.23,1,90,66.22,2.1430000000000007,968.8000000000002,SUCCESS
2026-09-04,GR-FACEWASH-100ML,MAINTAIN,6.768,2880.31,10285.68,44.0,10.21,0.0,13.451,6592.04,-49.68,-56.31,0,74,62.66,-6.683000000000001,-3711.73,NEGATIVE_OUTCOME
2026-09-05,GR-FACEWASH-100ML,INCREASE_BUDGET,10.58,4615.2,15084.83,55.0,6.27,0.0,6.768,2880.31,56.32,60.23,1,90,67.31,3.8120000000000003,1734.8899999999999,SUCCESS
2026-09-06,GR-FACEWASH-100ML,MAINTAIN,9.814,4696.84,15481.98,57.0,6.84,0.0,10.58,4615.2,-7.24,1.77,0,74,60.53,-0.766,81.64000000000033,MIXED_OUTCOME
2026-09-07,GR-FACEWASH-100ML,MAINTAIN,4.674,1686.92,8664.48,27.0,12.58,0.0,9.814,4696.84,-52.37,-64.08,0,82,65.34,-5.14,-3009.92,NEGATIVE_OUTCOME
2026-09-08,GR-FACEWASH-100ML,MAINTAIN,6.101,2674.7,10255.05,36.0,7.6,0.0,4.674,1686.92,30.53,58.56,1,82,59.28,1.4269999999999996,987.7799999999997,SUCCESS
2026-09-09,GR-FACEWASH-100ML,MAINTAIN,9.554,4752.15,15260.39,58.0,3.39,0.0,6.101,2674.7,56.6,77.67,1,90,61.58,3.4530000000000003,2077.45,SUCCESS
2026-09-10,GR-FACEWASH-100ML,PROTECT_INVENTORY,8.584,3907.99,12806.78,54.0,2.76,0.0,9.554,4752.15,-10.15,-17.76,0,82,63.45,-0.9700000000000006,-844.1599999999999,NEGATIVE_OUTCOME
2026-09-11,GR-FACEWASH-100ML,PROTECT_INVENTORY,6.756,3112.43,12546.17,42.0,2.52,0.0,8.584,3907.99,-21.3,-20.36,0,82,62.63,-1.8279999999999994,-795.56,NEGATIVE_OUTCOME
2026-09-12,GR-FACEWASH-100ML,PROTECT_INVENTORY,7.931,4202.08,13860.36,56.0,1.44,0.0,6.756,3112.43,17.39,35.01,1,74,55.65,1.1749999999999998,1089.65,SUCCESS
2026-09-13,GR-FACEWASH-100ML,PROTECT_INVENTORY,7.416,3729.77,13128.43,55.0,0.09,0.0,7.931,4202.08,-6.49,-11.24,0,82,59.9,-0.5149999999999997,-472.30999999999995,NEGATIVE_OUTCOME
2026-09-14,GR-FACEWASH-100ML,PROTECT_INVENTORY,6.175,2871.38,11292.34,47.0,0.0,1.0,7.416,3729.77,-16.73,-23.01,0,82,60.3,-1.2410000000000005,-858.3899999999999,NEGATIVE_OUTCOME
2026-09-15,GR-FACEWASH-100ML,PROTECT_INVENTORY,4.576,1682.14,8318.34,35.0,0.0,1.0,6.175,2871.38,-25.89,-41.42,0,82,61.32,-1.5990000000000002,-1189.24,NEGATIVE_OUTCOME
2026-09-16,GR-FACEWASH-100ML,PROTECT_INVENTORY,6.351,1989.65,8322.2,33.0,0.0,1.0,4.576,1682.14,38.79,18.28,1,82,53.5,1.7750000000000004,307.51,SUCCESS
2026-09-17,GR-FACEWASH-100ML,PROTECT_INVENTORY,4.352,1285.14,6592.76,28.0,0.0,1.0,6.351,1989.65,-31.48,-35.41,0,82,58.87,-1.9989999999999997,-704.51,NEGATIVE_OUTCOME
2026-09-18,GR-FACEWASH-100ML,PROTECT_INVENTORY,5.708,1867.67,7482.74,29.0,0.0,1.0,4.352,1285.14,31.16,45.33,1,82,55.34,1.3559999999999999,582.53,SUCCESS
2026-09-19,GR-FACEWASH-100ML,PROTECT_INVENTORY,4.157,1400.46,7481.57,32.0,0.0,1.0,5.708,1867.67,-27.17,-25.02,0,82,55.55,-1.5510000000000002,-467.21000000000004,NEGATIVE_OUTCOME
2026-09-20,GR-FACEWASH-100ML,PROTECT_INVENTORY,4.672,1694.33,8549.14,26.0,0.0,1.0,4.157,1400.46,12.39,20.98,1,82,53.82,0.5149999999999997,293.8699999999999,SUCCESS
2026-09-21,GR-FACEWASH-100ML,PROTECT_INVENTORY,4.035,1065.08,6597.46,27.0,0.0,1.0,4.672,1694.33,-13.63,-37.14,0,82,55.85,-0.6369999999999996,-629.25,NEGATIVE_OUTCOME
2026-09-22,GR-FACEWASH-100ML,PROTECT_INVENTORY,10.754,5572.12,17182.41,68.0,0.0,1.0,4.035,1065.08,166.52,423.16,1,82,50.51,6.718999999999999,4507.04,SUCCESS
2026-09-23,GR-FACEWASH-100ML,PROTECT_INVENTORY,7.581,3223.97,11432.6,34.0,0.0,1.0,10.754,5572.12,-29.51,-42.14,0,82,60.66,-3.172999999999999,-2348.15,NEGATIVE_OUTCOME
2026-09-24,GR-FACEWASH-100ML,PROTECT_INVENTORY,5.559,2025.7,8750.97,36.0,0.0,1.0,7.581,3223.97,-26.67,-37.17,0,82,59.77,-2.0220000000000002,-1198.2699999999998,NEGATIVE_OUTCOME
2026-09-25,GR-FACEWASH-100ML,PROTECT_INVENTORY,7.499,2990.96,11315.78,45.0,0.0,1.0,5.559,2025.7,34.9,47.65,1,82,57.05,1.9399999999999995,965.26,SUCCESS
2026-09-26,GR-FACEWASH-100ML,PROTECT_INVENTORY,5.404,1938.94,7894.89,34.0,0.0,1.0,7.499,2990.96,-27.94,-35.17,0,82,58.2,-2.0949999999999998,-1052.02,NEGATIVE_OUTCOME
2026-09-27,GR-FACEWASH-100ML,PROTECT_INVENTORY,8.925,4411.93,14640.8,55.0,0.0,1.0,5.404,1938.94,65.16,127.54,1,82,59.02,3.521000000000001,2472.9900000000002,SUCCESS
2026-09-01,GR-FACEWASH-150ML,MAINTAIN,19.296,5730.28,13887.81,43.0,23.5,0.0,21.011,6011.6,-8.16,-4.68,0,82,68.94,-1.7149999999999999,-281.3200000000006,NEGATIVE_OUTCOME
2026-09-02,GR-FACEWASH-150ML,INCREASE_BUDGET,30.824,7389.02,17291.7,53.0,15.37,0.0,19.296,5730.28,59.74,28.95,1,90,72.95,11.528000000000002,1658.7400000000007,SUCCESS
2026-09-03,GR-FACEWASH-150ML,MAINTAIN,25.47,6692.67,16742.04,49.0,16.73,0.0,30.824,7389.02,-17.37,-9.42,0,82,66.22,-5.354000000000003,-696.3500000000004,NEGATIVE_OUTCOME
2026-09-04,GR-FACEWASH-150ML,INCREASE_BUDGET,24.325,6713.28,17553.4,37.0,22.23,0.0,25.47,6692.67,-4.5,0.31,0,90,69.04,-1.1449999999999996,20.609999999999673,MIXED_OUTCOME
2026-09-05,GR-FACEWASH-150ML,INCREASE_BUDGET,17.814,4284.47,10708.76,30.0,26.24,0.0,24.325,6713.28,-26.77,-36.18,0,90,68.52,-6.510999999999999,-2428.8099999999995,NEGATIVE_OUTCOME
2026-09-06,GR-FACEWASH-150ML,INCREASE_BUDGET,29.531,7188.42,18060.74,52.0,15.59,0.0,17.814,4284.47,65.77,67.78,1,90,70.95,11.716999999999999,2903.95,SUCCESS
2026-09-07,GR-FACEWASH-150ML,MAINTAIN,12.974,3894.41,11060.31,24.0,31.04,0.0,29.531,7188.42,-56.07,-45.82,0,82,65.46,-16.557,-3294.01,NEGATIVE_OUTCOME
2026-09-08,GR-FACEWASH-150ML,MAINTAIN,14.347,4417.92,12134.93,17.0,29.29,0.0,12.974,3894.41,10.58,13.44,1,90,75.11,1.3729999999999993,523.5100000000002,SUCCESS
2026-09-09,GR-FACEWASH-150ML,CHANGE_CREATIVE,30.205,8887.03,21535.33,64.0,9.68,0.0,14.347,4417.92,110.53,101.16,1,82,69.94,15.857999999999999,4469.110000000001,SUCCESS
2026-09-10,GR-FACEWASH-150ML,MAINTAIN,16.034,3986.01,10646.69,31.0,15.73,0.0,30.205,8887.03,-46.92,-55.15,0,90,66.53,-14.171,-4901.02,NEGATIVE_OUTCOME
2026-09-11,GR-FACEWASH-150ML,INCREASE_BUDGET,26.221,7122.53,17542.18,42.0,12.67,0.0,16.034,3986.01,63.53,78.69,1,90,71.02,10.187000000000001,3136.5199999999995,SUCCESS
2026-09-12,GR-FACEWASH-150ML,INCREASE_BUDGET,29.65,9164.63,23304.17,61.0,7.3,0.0,26.221,7122.53,13.08,28.67,1,90,68.19,3.4289999999999985,2042.0999999999995,SUCCESS
2026-09-13,GR-FACEWASH-150ML,MAINTAIN,9.013,2006.93,6246.61,18.0,23.72,0.0,29.65,9164.63,-69.6,-78.1,0,90,62.26,-20.637,-7157.699999999999,NEGATIVE_OUTCOME
2026-09-14,GR-FACEWASH-150ML,MAINTAIN,19.218,5278.12,13873.19,40.0,11.98,0.0,9.013,2006.93,113.23,162.99,1,90,67.23,10.205,3271.1899999999996,SUCCESS
2026-09-15,GR-FACEWASH-150ML,MAINTAIN,16.114,4283.75,10736.14,33.0,9.47,0.0,19.218,5278.12,-16.15,-18.84,0,82,62.41,-3.103999999999999,-994.3699999999999,NEGATIVE_OUTCOME
2026-09-16,GR-FACEWASH-150ML,MAINTAIN,18.817,5302.91,13117.38,40.0,7.05,0.0,16.114,4283.75,16.77,23.79,1,90,62.61,2.7029999999999994,1019.1599999999999,SUCCESS
2026-09-17,GR-FACEWASH-150ML,MAINTAIN,8.808,2568.09,7788.86,19.0,14.26,0.0,18.817,5302.91,-53.19,-51.57,0,90,59.66,-10.009,-2734.8199999999997,NEGATIVE_OUTCOME
2026-09-18,GR-FACEWASH-150ML,INCREASE_BUDGET,16.04,5553.3,14383.06,43.0,6.65,0.0,8.808,2568.09,82.11,116.24,1,90,64.37,7.231999999999999,2985.21,SUCCESS
2026-09-19,GR-FACEWASH-150ML,MAINTAIN,30.526,7473.08,19137.01,54.0,4.43,0.0,16.04,5553.3,90.31,34.57,1,82,62.27,14.486,1919.7799999999997,SUCCESS
2026-09-20,GR-FACEWASH-150ML,MAINTAIN,15.739,3985.47,10458.98,31.0,4.9,0.0,30.526,7473.08,-48.44,-46.67,0,82,65.87,-14.786999999999999,-3487.61,NEGATIVE_OUTCOME
2026-09-21,GR-FACEWASH-150ML,MAINTAIN,49.25,11607.54,26716.16,81.0,1.57,0.0,15.739,3985.47,212.92,191.25,1,82,63.05,33.510999999999996,7622.0700000000015,SUCCESS
2026-09-22,GR-FACEWASH-150ML,PROTECT_INVENTORY,23.965,7769.62,18701.99,57.0,0.68,0.0,49.25,11607.54,-51.34,-33.06,0,82,64.52,-25.285,-3837.920000000001,NEGATIVE_OUTCOME
2026-09-23,GR-FACEWASH-150ML,PROTECT_INVENTORY,23.354,7164.09,18354.53,53.0,0.0,1.0,23.965,7769.62,-2.55,-7.79,0,82,63.43,-0.6110000000000007,-605.5299999999997,NEGATIVE_OUTCOME
2026-09-24,GR-FACEWASH-150ML,PROTECT_INVENTORY,18.153,4892.89,11928.34,37.0,0.0,1.0,23.354,7164.09,-22.27,-31.7,0,82,60.91,-5.2010000000000005,-2271.2,NEGATIVE_OUTCOME
2026-09-25,GR-FACEWASH-150ML,PROTECT_INVENTORY,35.851,10711.94,25763.46,62.0,0.0,1.0,18.153,4892.89,97.49,118.93,1,82,60.44,17.698,5819.05,SUCCESS
2026-09-26,GR-FACEWASH-150ML,PROTECT_INVENTORY,25.62,7956.71,19042.7,58.0,0.0,1.0,35.851,10711.94,-28.54,-25.72,0,82,59.51,-10.230999999999998,-2755.2300000000005,NEGATIVE_OUTCOME
2026-09-27,GR-FACEWASH-150ML,PROTECT_INVENTORY,15.377,4105.87,10673.39,32.0,0.0,1.0,25.62,7956.71,-39.98,-48.4,0,82,60.87,-10.243,-3850.84,NEGATIVE_OUTCOME
2026-09-01,GR-HAIROIL-150ML,MAINTAIN,18.869,5399.51,13594.67,34.0,28.44,0.0,19.34,6727.28,-2.44,-19.74,0,82,71.92,-0.4710000000000001,-1327.7699999999995,NEGATIVE_OUTCOME
2026-09-02,GR-HAIROIL-150ML,INCREASE_BUDGET,24.639,8437.3,20243.3,46.0,19.37,0.0,18.869,5399.51,30.58,56.26,1,90,75.65,5.77,3037.789999999999,SUCCESS
2026-09-03,GR-HAIROIL-150ML,INCREASE_BUDGET,7.506,2305.75,6947.95,15.0,51.99,0.0,24.639,8437.3,-69.54,-72.67,0,90,71.57,-17.133,-6131.549999999999,NEGATIVE_OUTCOME
2026-09-04,GR-HAIROIL-150ML,MAINTAIN,24.904,7567.05,17755.52,46.0,16.0,0.0,7.506,2305.75,231.79,228.18,1,82,70.46,17.398,5261.3,SUCCESS
2026-09-05,GR-HAIROIL-150ML,INCREASE_BUDGET,15.537,4461.68,11781.97,29.0,24.03,0.0,24.904,7567.05,-37.61,-41.04,0,90,70.06,-9.366999999999999,-3105.37,NEGATIVE_OUTCOME
2026-09-06,GR-HAIROIL-150ML,MAINTAIN,20.997,6147.3,14544.94,38.0,19.23,0.0,15.537,4461.68,35.14,37.78,1,82,68.98,5.459999999999999,1685.62,SUCCESS
2026-09-07,GR-HAIROIL-150ML,INCREASE_BUDGET,21.695,6293.53,15760.65,39.0,16.48,0.0,20.997,6147.3,3.32,2.38,1,90,72.59,0.6980000000000004,146.22999999999956,SUCCESS
2026-09-08,GR-HAIROIL-150ML,INCREASE_BUDGET,29.866,10002.68,22596.1,53.0,11.95,0.0,21.695,6293.53,37.66,58.94,1,90,69.15,8.171,3709.1500000000005,SUCCESS
2026-09-09,GR-HAIROIL-150ML,MAINTAIN,19.658,6350.44,16029.07,34.0,14.71,0.0,29.866,10002.68,-34.18,-36.51,0,82,64.33,-10.207999999999998,-3652.2400000000007,NEGATIVE_OUTCOME
2026-09-10,GR-HAIROIL-150ML,MAINTAIN,14.311,3680.18,9156.64,24.0,21.84,0.0,19.658,6350.44,-27.2,-42.05,0,82,66.54,-5.347000000000001,-2670.2599999999998,NEGATIVE_OUTCOME
2026-09-11,GR-HAIROIL-150ML,MAINTAIN,24.657,7414.7,16860.71,42.0,11.04,0.0,14.311,3680.18,72.29,101.48,1,90,70.24,10.346,3734.52,SUCCESS
2026-09-12,GR-HAIROIL-150ML,INCREASE_BUDGET,25.033,7583.16,17444.15,46.0,8.78,0.0,24.657,7414.7,1.52,2.27,1,90,65.16,0.3760000000000012,168.46000000000004,SUCCESS
2026-09-13,GR-HAIROIL-150ML,MAINTAIN,16.172,6100.66,14867.61,39.0,10.33,0.0,25.033,7583.16,-35.4,-19.55,0,90,67.6,-8.861,-1482.5,NEGATIVE_OUTCOME
2026-09-14,GR-HAIROIL-150ML,INCREASE_BUDGET,14.545,4256.78,11321.17,24.0,14.87,0.0,16.172,6100.66,-10.06,-30.22,0,90,68.87,-1.6270000000000007,-1843.88,NEGATIVE_OUTCOME
2026-09-15,GR-HAIROIL-150ML,MAINTAIN,21.748,4387.68,10271.92,27.0,12.43,0.0,14.545,4256.78,49.52,3.08,1,82,64.53,7.203000000000001,130.90000000000055,SUCCESS
2026-09-16,GR-HAIROIL-150ML,FIX_PAYMENT,15.731,5431.08,13668.7,35.0,8.78,0.0,21.748,4387.68,-27.67,23.78,0,90,65.39,-6.017000000000001,1043.3999999999996,MIXED_OUTCOME
2026-09-17,GR-HAIROIL-150ML,MAINTAIN,16.019,4797.22,12539.25,31.0,9.65,0.0,15.731,5431.08,1.83,-11.67,1,90,65.02,0.2879999999999985,-633.8599999999997,SUCCESS
2026-09-18,GR-HAIROIL-150ML,MAINTAIN,17.751,4756.38,11424.93,30.0,8.83,0.0,16.019,4797.22,10.81,-0.85,1,90,63.07,1.7320000000000029,-40.840000000000146,SUCCESS
2026-09-19,GR-HAIROIL-150ML,MAINTAIN,23.473,6900.21,15487.39,42.0,5.51,0.0,17.751,4756.38,32.23,45.07,1,90,66.44,5.721999999999998,2143.83,SUCCESS
2026-09-20,GR-HAIROIL-150ML,MAINTAIN,11.396,3380.83,8651.57,23.0,7.86,0.0,23.473,6900.21,-51.45,-51.0,0,82,62.52,-12.076999999999998,-3519.38,NEGATIVE_OUTCOME
2026-09-21,GR-HAIROIL-150ML,MAINTAIN,8.411,2413.11,6955.19,18.0,8.77,0.0,11.396,3380.83,-26.19,-28.62,0,90,62.67,-2.985000000000001,-967.7199999999998,NEGATIVE_OUTCOME
2026-09-22,GR-HAIROIL-150ML,MAINTAIN,19.65,5259.17,13378.55,33.0,4.87,0.0,8.411,2413.11,133.62,117.94,1,82,60.72,11.238999999999999,2846.06,SUCCESS
2026-09-23,GR-HAIROIL-150ML,MAINTAIN,16.746,3752.42,9504.66,24.0,5.83,0.0,19.65,5259.17,-14.78,-28.65,0,82,65.21,-2.904,-1506.75,NEGATIVE_OUTCOME
2026-09-24,GR-HAIROIL-150ML,MAINTAIN,22.286,6658.44,16080.81,41.0,1.69,0.0,16.746,3752.42,33.08,77.44,1,82,64.59,5.540000000000003,2906.0199999999995,SUCCESS
2026-09-25,GR-HAIROIL-150ML,PROTECT_INVENTORY,35.165,11526.99,25072.77,68.0,0.12,0.0,22.286,6658.44,57.79,73.12,1,82,61.81,12.878999999999998,4868.55,SUCCESS
2026-09-26,GR-HAIROIL-150ML,PROTECT_INVENTORY,27.165,9338.78,21347.85,50.0,0.0,1.0,35.165,11526.99,-22.75,-18.98,0,82,63.5,-8.0,-2188.209999999999,NEGATIVE_OUTCOME
2026-09-27,GR-HAIROIL-150ML,PROTECT_INVENTORY,14.995,4635.13,11491.68,24.0,0.0,1.0,27.165,9338.78,-44.8,-50.37,0,82,61.4,-12.17,-4703.650000000001,NEGATIVE_OUTCOME
2026-09-01,GR-HAIROIL-250ML,MAINTAIN,18.214,10012.56,23631.96,39.0,10.33,0.0,12.013,6735.52,51.62,48.65,1,82,70.28,6.200999999999999,3277.039999999999,SUCCESS
2026-09-02,GR-HAIROIL-250ML,MAINTAIN,10.24,6166.55,16081.06,24.0,15.07,0.0,18.214,10012.56,-43.78,-38.41,0,90,67.57,-7.973999999999998,-3846.0099999999993,NEGATIVE_OUTCOME
2026-09-03,GR-HAIROIL-250ML,INCREASE_BUDGET,8.237,4631.28,12955.47,20.0,17.37,0.0,10.24,6166.55,-19.56,-24.9,0,90,66.04,-2.003,-1535.2700000000004,NEGATIVE_OUTCOME
2026-09-04,GR-HAIROIL-250ML,MAINTAIN,5.641,3161.69,9276.82,15.0,22.15,0.0,8.237,4631.28,-31.52,-31.73,0,82,65.81,-2.596,-1469.5899999999997,NEGATIVE_OUTCOME
2026-09-05,GR-HAIROIL-250ML,MAINTAIN,5.951,3729.05,10598.81,19.0,20.56,0.0,5.641,3161.69,5.5,17.94,1,90,68.17,0.3099999999999996,567.3600000000001,SUCCESS
2026-09-06,GR-HAIROIL-250ML,INCREASE_BUDGET,14.448,10295.0,24946.2,35.0,8.39,0.0,5.951,3729.05,142.78,176.08,1,90,68.95,8.497,6565.95,SUCCESS
2026-09-07,GR-HAIROIL-250ML,MAINTAIN,4.207,1969.68,7574.7,13.0,25.15,0.0,14.448,10295.0,-70.88,-80.87,0,90,65.26,-10.241,-8325.32,NEGATIVE_OUTCOME
2026-09-08,GR-HAIROIL-250ML,MAINTAIN,11.053,6859.43,17408.96,27.0,10.23,0.0,4.207,1969.68,162.73,248.25,1,82,65.44,6.846000000000001,4889.75,SUCCESS
2026-09-09,GR-HAIROIL-250ML,MAINTAIN,9.787,6972.09,16911.32,30.0,6.91,0.0,11.053,6859.43,-11.45,1.64,0,82,63.9,-1.266,112.65999999999985,MIXED_OUTCOME
2026-09-10,GR-HAIROIL-250ML,MAINTAIN,5.235,2618.73,9063.85,15.0,13.75,0.0,9.787,6972.09,-46.51,-62.44,0,82,64.44,-4.5520000000000005,-4353.360000000001,NEGATIVE_OUTCOME
2026-09-11,GR-HAIROIL-250ML,MAINTAIN,9.91,6497.36,16079.79,28.0,7.02,0.0,5.235,2618.73,89.3,148.11,1,82,65.26,4.675,3878.6299999999997,SUCCESS
2026-09-12,GR-HAIROIL-250ML,FIX_PAYMENT,16.413,12051.13,26795.49,38.0,4.65,0.0,9.91,6497.36,65.62,85.48,1,90,63.49,6.503,5553.7699999999995,SUCCESS
2026-09-13,GR-HAIROIL-250ML,MAINTAIN,12.233,6794.68,16212.33,28.0,5.0,0.0,16.413,12051.13,-25.47,-43.62,0,82,65.15,-4.18,-5256.449999999999,NEGATIVE_OUTCOME
2026-09-14,GR-HAIROIL-250ML,MAINTAIN,15.289,11846.07,27274.29,47.0,1.78,0.0,12.233,6794.68,24.98,74.34,1,74,59.86,3.055999999999999,5051.389999999999,SUCCESS
2026-09-15,GR-HAIROIL-250ML,PROTECT_INVENTORY,9.315,4762.54,12364.66,21.0,3.42,0.0,15.289,11846.07,-39.07,-59.8,0,74,61.46,-5.974,-7083.53,NEGATIVE_OUTCOME
2026-09-16,GR-HAIROIL-250ML,PROTECT_INVENTORY,9.216,6886.07,16716.56,30.0,1.15,0.0,9.315,4762.54,-1.06,44.59,0,74,59.78,-0.0990000000000002,2123.5299999999997,MIXED_OUTCOME
2026-09-17,GR-HAIROIL-250ML,PROTECT_INVENTORY,11.181,7212.35,17257.74,24.0,0.74,0.0,9.216,6886.07,21.32,4.74,1,82,63.29,1.9649999999999999,326.28000000000065,SUCCESS
2026-09-18,GR-HAIROIL-250ML,PROTECT_INVENTORY,6.404,3288.72,9310.07,14.0,0.03,0.0,11.181,7212.35,-42.72,-54.4,0,82,61.63,-4.776999999999999,-3923.6300000000006,NEGATIVE_OUTCOME
2026-09-19,GR-HAIROIL-250ML,PROTECT_INVENTORY,12.31,7047.2,17212.99,25.0,0.0,1.0,6.404,3288.72,92.22,114.28,1,74,60.18,5.906000000000001,3758.48,SUCCESS
2026-09-20,GR-HAIROIL-250ML,PROTECT_INVENTORY,20.337,11914.58,26857.43,41.0,0.0,1.0,12.31,7047.2,65.21,69.07,1,74,57.43,8.027,4867.38,SUCCESS
2026-09-21,GR-HAIROIL-250ML,PROTECT_INVENTORY,12.24,10921.28,26055.53,45.0,0.0,1.0,20.337,11914.58,-39.81,-8.34,0,82,61.98,-8.097,-993.2999999999993,NEGATIVE_OUTCOME
2026-09-22,GR-HAIROIL-250ML,PROTECT_INVENTORY,7.542,4336.05,11041.82,20.0,0.0,1.0,12.24,10921.28,-38.38,-60.3,0,82,63.01,-4.698,-6585.2300000000005,NEGATIVE_OUTCOME
2026-09-23,GR-HAIROIL-250ML,PROTECT_INVENTORY,16.762,11103.91,25151.95,33.0,0.0,1.0,7.542,4336.05,122.25,156.08,1,82,61.32,9.22,6767.86,SUCCESS
2026-09-24,GR-HAIROIL-250ML,PROTECT_INVENTORY,18.002,13379.23,31692.33,42.0,0.0,1.0,16.762,11103.91,7.4,20.49,1,82,60.47,1.2399999999999984,2275.3199999999997,SUCCESS
2026-09-25,GR-HAIROIL-250ML,PROTECT_INVENTORY,8.008,5722.9,14551.07,26.0,0.0,1.0,18.002,13379.23,-55.52,-57.23,0,74,58.21,-9.994,-7656.33,NEGATIVE_OUTCOME
2026-09-26,GR-HAIROIL-250ML,PROTECT_INVENTORY,16.342,12031.02,26559.98,43.0,0.0,1.0,8.008,5722.9,104.07,110.23,1,82,59.68,8.334,6308.120000000001,SUCCESS
2026-09-27,GR-HAIROIL-250ML,PROTECT_INVENTORY,8.586,4810.77,13322.81,19.0,0.0,1.0,16.342,12031.02,-47.46,-60.01,0,82,65.44,-7.7559999999999985,-7220.25,NEGATIVE_OUTCOME
2026-09-01,GR-LIPBAL-CHERRY,MAINTAIN,3.896,657.78,6164.35,32.0,7.31,0.0,6.137,1425.72,-36.52,-53.86,0,74,58.32,-2.2409999999999997,-767.94,NEGATIVE_OUTCOME
2026-09-02,GR-LIPBAL-CHERRY,MAINTAIN,7.872,2230.32,9695.17,43.0,4.74,0.0,3.896,657.78,102.05,239.07,1,90,54.59,3.976,1572.5400000000002,SUCCESS
2026-09-03,GR-LIPBAL-CHERRY,MAINTAIN,5.723,1396.34,8033.13,40.0,4.24,0.0,7.872,2230.32,-27.3,-37.39,0,74,57.14,-2.149,-833.9800000000002,NEGATIVE_OUTCOME
2026-09-04,GR-LIPBAL-CHERRY,MAINTAIN,7.977,2612.13,11550.35,58.0,1.83,0.0,5.723,1396.34,39.38,87.07,1,74,60.27,2.2540000000000004,1215.7900000000002,SUCCESS
2026-09-05,GR-LIPBAL-CHERRY,PROTECT_INVENTORY,4.858,1082.46,7663.59,38.0,1.32,0.0,7.977,2612.13,-39.1,-58.56,0,74,56.8,-3.1190000000000007,-1529.67,NEGATIVE_OUTCOME
2026-09-06,GR-LIPBAL-CHERRY,PROTECT_INVENTORY,5.352,1596.91,8262.83,42.0,0.4,0.0,4.858,1082.46,10.17,47.53,1,82,56.84,0.49400000000000066,514.45,SUCCESS
2026-09-07,GR-LIPBAL-CHERRY,PROTECT_INVENTORY,7.076,2175.28,10364.67,52.0,0.0,1.0,5.352,1596.91,32.21,36.22,1,74,59.7,1.7239999999999993,578.3700000000001,SUCCESS
2026-09-08,GR-LIPBAL-CHERRY,PROTECT_INVENTORY,5.761,1575.3,9072.38,45.0,0.0,1.0,7.076,2175.28,-18.58,-27.58,0,82,59.12,-1.3149999999999995,-599.9800000000002,NEGATIVE_OUTCOME
2026-09-09,GR-LIPBAL-CHERRY,PROTECT_INVENTORY,5.215,1292.86,7603.72,37.0,0.0,1.0,5.761,1575.3,-9.48,-17.93,0,82,60.39,-0.5460000000000003,-282.44000000000005,NEGATIVE_OUTCOME
2026-09-10,GR-LIPBAL-CHERRY,PROTECT_INVENTORY,6.245,2046.45,9514.4,51.0,0.0,1.0,5.215,1292.86,19.75,58.29,1,74,54.72,1.0300000000000002,753.5900000000001,SUCCESS
2026-09-11,GR-LIPBAL-CHERRY,PROTECT_INVENTORY,4.91,1273.7,8181.17,42.0,0.0,1.0,6.245,2046.45,-21.38,-37.76,0,82,62.04,-1.335,-772.75,NEGATIVE_OUTCOME
2026-09-12,GR-LIPBAL-CHERRY,PROTECT_INVENTORY,11.337,4199.04,14987.22,71.0,0.0,1.0,4.91,1273.7,130.9,229.67,1,82,57.26,6.427,2925.34,SUCCESS
2026-09-13,GR-LIPBAL-CHERRY,PROTECT_INVENTORY,5.17,1096.19,6631.66,28.0,0.0,1.0,11.337,4199.04,-54.4,-73.89,0,82,54.93,-6.167,-3102.85,NEGATIVE_OUTCOME
2026-09-14,GR-LIPBAL-CHERRY,PROTECT_INVENTORY,3.979,521.45,5231.4,23.0,0.0,1.0,5.17,1096.19,-23.04,-52.43,0,82,58.66,-1.1909999999999998,-574.74,NEGATIVE_OUTCOME
2026-09-15,GR-LIPBAL-CHERRY,PROTECT_INVENTORY,4.87,1126.66,7808.65,39.0,0.0,1.0,3.979,521.45,22.39,116.06,1,82,49.93,0.891,605.21,SUCCESS
2026-09-16,GR-LIPBAL-CHERRY,PROTECT_INVENTORY,10.075,3852.22,14158.76,57.0,0.0,1.0,4.87,1126.66,106.88,241.92,1,82,55.32,5.204999999999999,2725.5599999999995,SUCCESS
2026-09-17,GR-LIPBAL-CHERRY,PROTECT_INVENTORY,6.293,1433.19,7591.4,27.0,0.0,1.0,10.075,3852.22,-37.54,-62.8,0,82,58.3,-3.781999999999999,-2419.0299999999997,NEGATIVE_OUTCOME
2026-09-18,GR-LIPBAL-CHERRY,PROTECT_INVENTORY,9.672,3538.38,13300.8,57.0,0.0,1.0,6.293,1433.19,53.69,146.89,1,74,54.51,3.3790000000000004,2105.19,SUCCESS
2026-09-19,GR-LIPBAL-CHERRY,PROTECT_INVENTORY,7.298,2427.52,10209.86,52.0,0.0,1.0,9.672,3538.38,-24.55,-31.39,0,82,57.71,-2.3740000000000006,-1110.8600000000001,NEGATIVE_OUTCOME
2026-09-20,GR-LIPBAL-CHERRY,PROTECT_INVENTORY,10.094,2872.66,11278.66,57.0,0.0,1.0,7.298,2427.52,38.31,18.34,1,82,62.36,2.7959999999999994,445.1399999999999,SUCCESS
2026-09-21,GR-LIPBAL-CHERRY,PROTECT_INVENTORY,5.588,1410.93,7266.64,31.0,0.0,1.0,10.094,2872.66,-44.64,-50.88,0,82,59.92,-4.505999999999999,-1461.7299999999998,NEGATIVE_OUTCOME
2026-09-22,GR-LIPBAL-CHERRY,PROTECT_INVENTORY,5.07,1299.89,7463.06,35.0,0.0,1.0,5.588,1410.93,-9.27,-7.87,0,82,58.31,-0.5179999999999998,-111.03999999999996,NEGATIVE_OUTCOME
2026-09-23,GR-LIPBAL-CHERRY,PROTECT_INVENTORY,4.073,869.11,6438.27,35.0,0.0,1.0,5.07,1299.89,-19.66,-33.14,0,82,64.78,-0.9969999999999999,-430.7800000000001,NEGATIVE_OUTCOME
2026-09-24,GR-LIPBAL-CHERRY,PROTECT_INVENTORY,7.021,2014.27,9085.14,40.0,0.0,1.0,4.073,869.11,72.38,131.76,1,82,55.24,2.9479999999999995,1145.1599999999999,SUCCESS
2026-09-25,GR-LIPBAL-CHERRY,PROTECT_INVENTORY,3.621,471.33,5889.68,25.0,0.0,1.0,7.021,2014.27,-48.43,-76.6,0,82,59.27,-3.4,-1542.94,NEGATIVE_OUTCOME
2026-09-26,GR-LIPBAL-CHERRY,PROTECT_INVENTORY,6.94,2723.54,11704.4,63.0,0.0,1.0,3.621,471.33,91.66,477.84,1,82,46.9,3.3190000000000004,2252.21,SUCCESS
2026-09-27,GR-LIPBAL-CHERRY,PROTECT_INVENTORY,8.941,2948.85,12532.83,49.0,0.0,1.0,6.94,2723.54,28.83,8.27,1,82,60.85,2.0010000000000003,225.30999999999995,SUCCESS
2026-09-01,GR-LIPBAL-NATURAL,MAINTAIN,2.964,283.75,6494.83,33.0,7.39,0.0,3.506,693.57,-15.46,-59.09,0,82,51.25,-0.5419999999999998,-409.82000000000005,NEGATIVE_OUTCOME
2026-09-02,GR-LIPBAL-NATURAL,MAINTAIN,4.784,1470.37,8941.49,37.0,5.26,0.0,2.964,283.75,61.4,418.19,1,90,56.06,1.8199999999999998,1186.62,SUCCESS
2026-09-03,GR-LIPBAL-NATURAL,MAINTAIN,2.764,238.59,6146.07,29.0,6.37,0.0,4.784,1470.37,-42.22,-83.77,0,82,58.47,-2.02,-1231.78,NEGATIVE_OUTCOME
2026-09-04,GR-LIPBAL-NATURAL,MAINTAIN,4.455,1618.28,8828.68,48.0,2.76,0.0,2.764,238.59,61.18,578.27,1,82,47.05,1.6910000000000003,1379.69,SUCCESS
2026-09-05,GR-LIPBAL-NATURAL,PROTECT_INVENTORY,3.406,634.53,6523.84,34.0,3.45,0.0,4.455,1618.28,-23.55,-60.79,0,82,57.54,-1.049,-983.75,NEGATIVE_OUTCOME
2026-09-06,GR-LIPBAL-NATURAL,PROTECT_INVENTORY,3.31,535.79,7412.52,37.0,1.79,0.0,3.406,634.53,-2.82,-15.56,0,82,52.17,-0.09600000000000009,-98.74000000000001,NEGATIVE_OUTCOME
2026-09-07,GR-LIPBAL-NATURAL,PROTECT_INVENTORY,5.037,1956.21,9413.92,51.0,0.4,0.0,3.31,535.79,52.18,265.11,1,82,50.11,1.7269999999999999,1420.42,SUCCESS
2026-09-08,GR-LIPBAL-NATURAL,PROTECT_INVENTORY,3.557,781.81,8691.65,43.0,0.0,1.0,5.037,1956.21,-29.38,-60.03,0,82,59.66,-1.48,-1174.4,NEGATIVE_OUTCOME
2026-09-09,GR-LIPBAL-NATURAL,PROTECT_INVENTORY,3.563,932.66,8311.53,33.0,0.0,1.0,3.557,781.81,0.17,19.29,1,82,49.42,0.006000000000000227,150.85000000000002,SUCCESS
2026-09-10,GR-LIPBAL-NATURAL,PROTECT_INVENTORY,3.516,794.86,7226.74,38.0,0.0,1.0,3.563,932.66,-1.32,-14.77,0,74,44.64,-0.04700000000000015,-137.79999999999995,NEGATIVE_OUTCOME
2026-09-11,GR-LIPBAL-NATURAL,PROTECT_INVENTORY,4.485,1484.04,8144.58,44.0,0.0,1.0,3.516,794.86,27.56,86.7,1,82,51.18,0.9690000000000003,689.18,SUCCESS
2026-09-12,GR-LIPBAL-NATURAL,PROTECT_INVENTORY,3.774,1065.95,7961.13,33.0,0.0,1.0,4.485,1484.04,-15.85,-28.17,0,82,54.07,-0.7110000000000003,-418.0899999999999,NEGATIVE_OUTCOME
2026-09-13,GR-LIPBAL-NATURAL,PROTECT_INVENTORY,3.033,478.29,6337.93,31.0,0.0,1.0,3.774,1065.95,-19.63,-55.13,0,82,50.35,-0.7410000000000001,-587.6600000000001,NEGATIVE_OUTCOME
2026-09-14,GR-LIPBAL-NATURAL,PROTECT_INVENTORY,6.19,2430.75,11416.38,57.0,0.0,1.0,3.033,478.29,104.09,408.22,1,82,47.44,3.1570000000000005,1952.46,SUCCESS
2026-09-15,GR-LIPBAL-NATURAL,PROTECT_INVENTORY,2.463,-121.68,5841.69,30.0,0.0,1.0,6.19,2430.75,-60.21,-105.01,0,74,56.7,-3.7270000000000003,-2552.43,NEGATIVE_OUTCOME
2026-09-16,GR-LIPBAL-NATURAL,PROTECT_INVENTORY,4.484,1550.59,8517.15,46.0,0.0,1.0,2.463,-121.68,82.05,1374.32,1,66,42.84,2.021,1672.27,SUCCESS
2026-09-17,GR-LIPBAL-NATURAL,PROTECT_INVENTORY,4.816,1653.08,9663.44,43.0,0.0,1.0,4.484,1550.59,7.4,6.61,1,82,55.81,0.33199999999999985,102.49000000000001,SUCCESS
2026-09-18,GR-LIPBAL-NATURAL,PROTECT_INVENTORY,5.311,2072.59,10814.35,51.0,0.0,1.0,4.816,1653.08,10.28,25.38,1,82,57.75,0.4950000000000001,419.5100000000002,SUCCESS
2026-09-19,GR-LIPBAL-NATURAL,PROTECT_INVENTORY,4.011,1533.86,10431.46,44.0,0.0,1.0,5.311,2072.59,-24.48,-25.99,0,82,60.19,-1.2999999999999998,-538.7300000000002,NEGATIVE_OUTCOME
2026-09-20,GR-LIPBAL-NATURAL,PROTECT_INVENTORY,2.512,-27.47,5533.03,29.0,0.0,1.0,4.011,1533.86,-37.37,-101.79,0,82,52.19,-1.499,-1561.33,NEGATIVE_OUTCOME
2026-09-21,GR-LIPBAL-NATURAL,PROTECT_INVENTORY,4.378,1515.13,9314.39,43.0,0.0,1.0,2.512,-27.47,74.28,5615.58,1,66,40.71,1.866,1542.6000000000001,SUCCESS
2026-09-22,GR-LIPBAL-NATURAL,PROTECT_INVENTORY,5.19,2163.3,10487.25,50.0,0.0,1.0,4.378,1515.13,18.55,42.78,1,82,58.02,0.8120000000000003,648.1700000000001,SUCCESS
2026-09-23,GR-LIPBAL-NATURAL,PROTECT_INVENTORY,2.689,75.91,6853.97,35.0,0.0,1.0,5.19,2163.3,-48.19,-96.49,0,82,67.04,-2.5010000000000003,-2087.3900000000003,NEGATIVE_OUTCOME
2026-09-24,GR-LIPBAL-NATURAL,PROTECT_INVENTORY,5.312,2305.43,10462.08,57.0,0.0,1.0,2.689,75.91,97.55,2937.06,1,82,44.36,2.623,2229.52,SUCCESS
2026-09-25,GR-LIPBAL-NATURAL,PROTECT_INVENTORY,5.312,2239.02,11214.15,58.0,0.0,1.0,5.312,2305.43,0.0,-2.88,1,82,58.12,0.0,-66.40999999999985,SUCCESS
2026-09-26,GR-LIPBAL-NATURAL,PROTECT_INVENTORY,3.429,680.68,7952.65,40.0,0.0,1.0,5.312,2239.02,-35.45,-69.6,0,82,65.34,-1.8830000000000005,-1558.3400000000001,NEGATIVE_OUTCOME
2026-09-27,GR-LIPBAL-NATURAL,PROTECT_INVENTORY,2.447,-196.73,6171.39,31.0,0.0,1.0,3.429,680.68,-28.64,-128.9,0,74,45.97,-0.9819999999999998,-877.41,NEGATIVE_OUTCOME
2026-09-01,GR-LIPBAL-STRAWB,MAINTAIN,3.172,190.28,3176.9,14.0,35.39,0.0,5.838,1302.14,-45.67,-85.39,0,82,61.23,-2.666,-1111.8600000000001,NEGATIVE_OUTCOME
2026-09-02,GR-LIPBAL-STRAWB,MAINTAIN,3.466,250.56,3255.83,17.0,28.37,0.0,3.172,190.28,9.27,31.68,1,82,58.72,0.29400000000000004,60.28,SUCCESS
2026-09-03,GR-LIPBAL-STRAWB,MAINTAIN,2.777,52.04,3549.42,19.0,19.85,0.0,3.466,250.56,-19.88,-79.23,0,90,61.83,-0.6890000000000001,-198.52,NEGATIVE_OUTCOME
2026-09-04,GR-LIPBAL-STRAWB,MAINTAIN,5.388,1031.23,5758.36,30.0,11.42,0.0,2.777,52.04,94.02,1881.61,1,90,53.08,2.6109999999999998,979.19,SUCCESS
2026-09-05,GR-LIPBAL-STRAWB,MAINTAIN,5.124,884.39,5529.49,27.0,14.42,0.0,5.388,1031.23,-4.9,-14.24,0,82,65.0,-0.26400000000000023,-146.84000000000003,NEGATIVE_OUTCOME
2026-09-06,GR-LIPBAL-STRAWB,INCREASE_BUDGET,5.24,1160.59,6818.53,30.0,8.46,0.0,5.124,884.39,2.26,31.23,1,90,64.76,0.11600000000000055,276.19999999999993,SUCCESS
2026-09-07,GR-LIPBAL-STRAWB,MAINTAIN,5.336,1020.58,6327.02,28.0,8.66,0.0,5.24,1160.59,1.83,-12.06,1,90,58.95,0.09600000000000009,-140.00999999999988,SUCCESS
2026-09-08,GR-LIPBAL-STRAWB,MAINTAIN,5.145,1007.14,6420.68,31.0,8.64,0.0,5.336,1020.58,-3.58,-1.32,0,82,62.95,-0.19100000000000072,-13.440000000000055,NEGATIVE_OUTCOME
2026-09-09,GR-LIPBAL-STRAWB,MAINTAIN,1.64,-552.44,2100.04,9.0,22.65,0.0,5.145,1007.14,-68.12,-154.85,0,82,59.65,-3.505,-1559.58,NEGATIVE_OUTCOME
2026-09-10,GR-LIPBAL-STRAWB,DECREASE_BUDGET,3.101,132.37,4147.69,21.0,10.47,0.0,1.64,-552.44,89.09,123.96,1,66,45.52,1.461,684.8100000000001,SUCCESS
2026-09-11,GR-LIPBAL-STRAWB,MAINTAIN,6.234,1278.03,6433.12,33.0,5.84,0.0,3.101,132.37,101.03,865.5,1,90,52.8,3.133,1145.6599999999999,SUCCESS
2026-09-12,GR-LIPBAL-STRAWB,MAINTAIN,3.715,378.26,4034.09,18.0,10.07,0.0,6.234,1278.03,-40.41,-70.4,0,82,61.72,-2.519,-899.77,NEGATIVE_OUTCOME
2026-09-13,GR-LIPBAL-STRAWB,INCREASE_BUDGET,4.874,1004.72,5981.25,30.0,4.96,0.0,3.715,378.26,31.2,165.62,1,90,53.33,1.1589999999999998,626.46,SUCCESS
2026-09-14,GR-LIPBAL-STRAWB,MAINTAIN,4.479,768.17,5070.63,21.0,6.25,0.0,4.874,1004.72,-8.1,-23.54,0,82,61.79,-0.3949999999999996,-236.55000000000007,NEGATIVE_OUTCOME
2026-09-15,GR-LIPBAL-STRAWB,MAINTAIN,5.002,985.39,6018.2,25.0,4.46,0.0,4.479,768.17,11.68,28.28,1,82,56.49,0.5229999999999997,217.22000000000003,SUCCESS
2026-09-16,GR-LIPBAL-STRAWB,MAINTAIN,4.689,569.95,3563.8,19.0,4.4,0.0,5.002,985.39,-6.26,-42.16,0,82,63.68,-0.3129999999999997,-415.43999999999994,NEGATIVE_OUTCOME
2026-09-17,GR-LIPBAL-STRAWB,MAINTAIN,3.013,76.28,3355.7,17.0,2.84,0.0,4.689,569.95,-35.74,-86.62,0,82,58.4,-1.6760000000000002,-493.6700000000001,NEGATIVE_OUTCOME
2026-09-18,GR-LIPBAL-STRAWB,PROTECT_INVENTORY,3.648,459.08,5220.61,27.0,0.81,0.0,3.013,76.28,21.08,501.84,1,82,49.04,0.6350000000000002,382.79999999999995,SUCCESS
2026-09-19,GR-LIPBAL-STRAWB,PROTECT_INVENTORY,7.004,1670.84,7513.85,33.0,0.0,1.0,3.648,459.08,92.0,263.95,1,82,46.17,3.3559999999999994,1211.76,SUCCESS
2026-09-20,GR-LIPBAL-STRAWB,PROTECT_INVENTORY,6.018,1367.32,6515.88,35.0,0.0,1.0,7.004,1670.84,-14.08,-18.17,0,82,57.9,-0.9859999999999998,-303.52,NEGATIVE_OUTCOME
2026-09-21,GR-LIPBAL-STRAWB,PROTECT_INVENTORY,7.387,2065.84,9431.72,43.0,0.0,1.0,6.018,1367.32,22.75,51.09,1,82,57.54,1.3689999999999998,698.5200000000002,SUCCESS
2026-09-22,GR-LIPBAL-STRAWB,PROTECT_INVENTORY,5.332,1115.52,5996.08,32.0,0.0,1.0,7.387,2065.84,-27.82,-46.0,0,82,61.98,-2.0549999999999997,-950.3200000000002,NEGATIVE_OUTCOME
2026-09-23,GR-LIPBAL-STRAWB,PROTECT_INVENTORY,5.727,1347.63,7114.98,37.0,0.0,1.0,5.332,1115.52,7.41,20.81,1,74,57.11,0.39500000000000046,232.11000000000013,SUCCESS
2026-09-24,GR-LIPBAL-STRAWB,PROTECT_INVENTORY,5.249,1449.31,7824.38,42.0,0.0,1.0,5.727,1347.63,-8.35,7.55,0,82,60.91,-0.47800000000000065,101.67999999999984,MIXED_OUTCOME
2026-09-25,GR-LIPBAL-STRAWB,PROTECT_INVENTORY,5.432,1172.95,6212.68,32.0,0.0,1.0,5.249,1449.31,3.49,-19.07,1,82,62.25,0.18300000000000072,-276.3599999999999,SUCCESS
2026-09-26,GR-LIPBAL-STRAWB,PROTECT_INVENTORY,3.85,530.84,4906.45,23.0,0.0,1.0,5.432,1172.95,-29.12,-54.74,0,82,58.34,-1.5820000000000003,-642.11,NEGATIVE_OUTCOME
2026-09-27,GR-LIPBAL-STRAWB,PROTECT_INVENTORY,5.787,1498.87,7529.62,40.0,0.0,1.0,3.85,530.84,50.31,182.36,1,82,49.97,1.9369999999999998,968.0299999999999,SUCCESS
2026-09-01,GR-MOIST-100G,MAINTAIN,9.052,8649.34,22193.2,33.0,22.3,0.0,3.152,1477.08,187.18,485.57,1,82,61.58,5.8999999999999995,7172.26,SUCCESS
2026-09-02,GR-MOIST-100G,MAINTAIN,4.216,2419.16,8687.66,14.0,38.94,0.0,9.052,8649.34,-53.42,-72.03,0,90,72.7,-4.835999999999999,-6230.18,NEGATIVE_OUTCOME
2026-09-03,GR-MOIST-100G,MAINTAIN,6.94,6138.52,16186.41,22.0,24.67,0.0,4.216,2419.16,64.61,153.75,1,82,65.5,2.724,3719.3600000000006,SUCCESS
2026-09-04,GR-MOIST-100G,MAINTAIN,5.667,4933.19,13753.72,23.0,28.05,0.0,6.94,6138.52,-18.34,-19.64,0,82,69.73,-1.2730000000000006,-1205.3300000000008,NEGATIVE_OUTCOME
2026-09-05,GR-MOIST-100G,INCREASE_BUDGET,6.977,4526.64,13070.95,20.0,26.31,0.0,5.667,4933.19,23.12,-8.24,1,90,74.89,1.3100000000000005,-406.5499999999993,SUCCESS
2026-09-06,GR-MOIST-100G,INCREASE_BUDGET,4.07,2490.28,9401.49,15.0,32.12,0.0,6.977,4526.64,-41.67,-44.99,0,90,74.77,-2.907,-2036.3600000000001,NEGATIVE_OUTCOME
2026-09-07,GR-MOIST-100G,MAINTAIN,7.307,6634.46,16992.27,28.0,15.75,0.0,4.07,2490.28,79.53,166.41,1,90,65.38,3.237,4144.18,SUCCESS
2026-09-08,GR-MOIST-100G,INCREASE_BUDGET,5.401,3570.87,10776.57,15.0,29.67,0.0,7.307,6634.46,-26.08,-46.18,0,90,69.15,-1.9060000000000006,-3063.59,NEGATIVE_OUTCOME
2026-09-09,GR-MOIST-100G,INCREASE_BUDGET,5.464,3699.62,11258.62,18.0,19.42,0.0,5.401,3570.87,1.17,3.61,1,90,74.24,0.06300000000000061,128.75,SUCCESS
2026-09-10,GR-MOIST-100G,INCREASE_BUDGET,5.389,4165.65,12040.0,20.0,18.82,0.0,5.464,3699.62,-1.37,12.6,0,90,70.7,-0.07500000000000018,466.02999999999975,MIXED_OUTCOME
2026-09-11,GR-MOIST-100G,MAINTAIN,6.977,5817.39,15227.48,25.0,15.5,0.0,5.389,4165.65,29.47,39.65,1,82,67.34,1.588,1651.7400000000007,SUCCESS
2026-09-12,GR-MOIST-100G,INCREASE_BUDGET,10.174,8710.06,22077.9,34.0,11.25,0.0,6.977,5817.39,45.82,49.72,1,90,73.33,3.196999999999999,2892.669999999999,SUCCESS
2026-09-13,GR-MOIST-100G,INCREASE_BUDGET,4.37,2204.7,8545.13,13.0,24.91,0.0,10.174,8710.06,-57.05,-74.69,0,90,67.71,-5.803999999999999,-6505.36,NEGATIVE_OUTCOME
2026-09-14,GR-MOIST-100G,INCREASE_BUDGET,7.476,6624.62,17366.26,24.0,12.8,0.0,4.37,2204.7,71.08,200.48,1,82,67.02,3.106,4419.92,SUCCESS
2026-09-15,GR-MOIST-100G,INCREASE_BUDGET,6.97,5195.72,15084.65,23.0,13.13,0.0,7.476,6624.62,-6.77,-21.57,0,90,69.18,-0.5060000000000002,-1428.8999999999996,NEGATIVE_OUTCOME
2026-09-16,GR-MOIST-100G,INCREASE_BUDGET,11.73,11613.48,27638.69,32.0,8.6,0.0,6.97,5195.72,68.29,123.52,1,90,65.08,4.760000000000001,6417.759999999999,SUCCESS
2026-09-17,GR-MOIST-100G,MAINTAIN,7.056,6601.86,17453.41,25.0,9.02,0.0,11.73,11613.48,-39.85,-43.15,0,90,63.02,-4.674,-5011.62,NEGATIVE_OUTCOME
2026-09-18,GR-MOIST-100G,MAINTAIN,7.345,5812.34,16067.98,25.0,9.21,0.0,7.056,6601.86,4.1,-11.96,1,90,66.3,0.2889999999999997,-789.5199999999995,SUCCESS
2026-09-19,GR-MOIST-100G,MAINTAIN,7.329,5777.89,16219.1,20.0,11.45,0.0,7.345,5812.34,-0.22,-0.59,0,90,63.38,-0.016000000000000014,-34.44999999999982,NEGATIVE_OUTCOME
2026-09-20,GR-MOIST-100G,MAINTAIN,2.515,714.29,5945.95,8.0,23.6,0.0,7.329,5777.89,-65.68,-87.64,0,90,64.78,-4.814,-5063.6,NEGATIVE_OUTCOME
2026-09-21,GR-MOIST-100G,MAINTAIN,8.909,7744.71,19380.56,31.0,6.08,0.0,2.515,714.29,254.23,984.25,1,82,53.72,6.394,7030.42,SUCCESS
2026-09-22,GR-MOIST-100G,MAINTAIN,5.496,4555.93,14084.01,19.0,6.81,0.0,8.909,7744.71,-38.31,-41.17,0,82,63.5,-3.4130000000000003,-3188.7799999999997,NEGATIVE_OUTCOME
2026-09-23,GR-MOIST-100G,MAINTAIN,3.278,1330.14,7178.33,11.0,11.18,0.0,5.496,4555.93,-40.36,-70.8,0,82,62.05,-2.2180000000000004,-3225.79,NEGATIVE_OUTCOME
2026-09-24,GR-MOIST-100G,RETARGET,2.971,1414.23,7206.27,12.0,9.96,0.0,3.278,1330.14,-9.37,6.32,0,90,55.59,-0.30699999999999994,84.08999999999992,MIXED_OUTCOME
2026-09-25,GR-MOIST-100G,MAINTAIN,8.895,5740.98,14401.03,23.0,4.14,0.0,2.971,1414.23,199.39,305.94,1,90,51.75,5.9239999999999995,4326.75,SUCCESS
2026-09-26,GR-MOIST-100G,MAINTAIN,3.901,2100.13,8035.39,13.0,5.27,0.0,8.895,5740.98,-56.14,-63.42,0,82,65.54,-4.994,-3640.8499999999995,NEGATIVE_OUTCOME
2026-09-27,GR-MOIST-100G,MAINTAIN,2.817,882.65,6527.44,10.0,5.84,0.0,3.901,2100.13,-27.79,-57.97,0,82,53.12,-1.0839999999999996,-1217.48,NEGATIVE_OUTCOME
2026-09-01,GR-MOIST-50G,MAINTAIN,5.342,3271.45,10944.28,28.0,16.88,0.0,9.333,8620.81,-42.76,-62.05,0,90,64.89,-3.9910000000000005,-5349.36,NEGATIVE_OUTCOME
2026-09-02,GR-MOIST-50G,INCREASE_BUDGET,4.573,2885.1,10180.33,21.0,18.67,0.0,5.342,3271.45,-14.4,-11.81,0,90,67.59,-0.7689999999999992,-386.3499999999999,NEGATIVE_OUTCOME
2026-09-03,GR-MOIST-50G,INCREASE_BUDGET,2.7,997.06,7373.29,18.0,22.61,0.0,4.573,2885.1,-40.96,-65.44,0,90,66.43,-1.8730000000000002,-1888.04,NEGATIVE_OUTCOME
2026-09-04,GR-MOIST-50G,MAINTAIN,3.464,2138.7,9704.2,26.0,14.45,0.0,2.7,997.06,28.3,114.5,1,82,53.71,0.7639999999999998,1141.6399999999999,SUCCESS
2026-09-05,GR-MOIST-50G,MAINTAIN,7.374,7095.25,19134.54,51.0,6.9,0.0,3.464,2138.7,112.88,231.76,1,90,57.93,3.9099999999999997,4956.55,SUCCESS
2026-09-06,GR-MOIST-50G,MAINTAIN,5.35,3626.76,12255.24,27.0,13.65,0.0,7.374,7095.25,-27.45,-48.88,0,82,61.9,-2.024,-3468.49,NEGATIVE_OUTCOME
2026-09-07,GR-MOIST-50G,MAINTAIN,5.91,4854.27,13981.34,38.0,8.5,0.0,5.35,3626.76,10.47,33.85,1,90,64.36,0.5600000000000005,1227.5100000000002,SUCCESS
2026-09-08,GR-MOIST-50G,MAINTAIN,3.234,1697.02,8644.29,23.0,12.86,0.0,5.91,4854.27,-45.28,-65.04,0,90,68.23,-2.676,-3157.2500000000005,NEGATIVE_OUTCOME
2026-09-09,GR-MOIST-50G,MAINTAIN,7.672,6989.68,19260.18,50.0,5.47,0.0,3.234,1697.02,137.23,311.88,1,90,54.63,4.438,5292.66,SUCCESS
2026-09-10,GR-MOIST-50G,MAINTAIN,1.946,-164.84,5126.81,13.0,17.8,0.0,7.672,6989.68,-74.64,-102.36,0,82,63.99,-5.726,-7154.52,NEGATIVE_OUTCOME
2026-09-11,GR-MOIST-50G,DECREASE_BUDGET,5.682,5110.39,15317.84,35.0,6.04,0.0,1.946,-164.84,191.98,3200.21,1,58,44.54,3.7360000000000007,5275.2300000000005,SUCCESS
2026-09-12,GR-MOIST-50G,MAINTAIN,10.341,8626.06,20974.01,48.0,3.42,0.0,5.682,5110.39,82.0,68.79,1,82,65.75,4.658999999999999,3515.669999999999,SUCCESS
2026-09-13,GR-MOIST-50G,PROTECT_INVENTORY,8.184,6915.78,19594.43,49.0,2.51,0.0,10.341,8626.06,-20.86,-19.83,0,74,60.3,-2.157,-1710.2799999999997,NEGATIVE_OUTCOME
2026-09-14,GR-MOIST-50G,PROTECT_INVENTORY,7.594,5793.9,16794.91,37.0,1.83,0.0,8.184,6915.78,-7.21,-16.22,0,74,60.93,-0.589999999999999,-1121.88,NEGATIVE_OUTCOME
2026-09-15,GR-MOIST-50G,PROTECT_INVENTORY,3.625,2269.25,9680.88,26.0,1.35,0.0,7.594,5793.9,-52.26,-60.83,0,74,60.09,-3.9690000000000003,-3524.6499999999996,NEGATIVE_OUTCOME
2026-09-16,GR-MOIST-50G,PROTECT_INVENTORY,4.516,2723.92,10007.9,26.0,0.56,0.0,3.625,2269.25,24.58,20.04,1,82,51.1,0.891,454.6700000000001,SUCCESS
2026-09-17,GR-MOIST-50G,PROTECT_INVENTORY,7.426,6890.68,19613.48,42.0,0.0,1.0,4.516,2723.92,64.44,152.97,1,82,59.47,2.91,4166.76,SUCCESS
2026-09-18,GR-MOIST-50G,PROTECT_INVENTORY,3.971,2794.58,11252.11,26.0,0.0,1.0,7.426,6890.68,-46.53,-59.44,0,82,57.63,-3.455,-4096.1,NEGATIVE_OUTCOME
2026-09-19,GR-MOIST-50G,PROTECT_INVENTORY,6.703,5313.4,15745.76,34.0,0.0,1.0,3.971,2794.58,68.8,90.13,1,82,54.92,2.732,2518.8199999999997,SUCCESS
2026-09-20,GR-MOIST-50G,PROTECT_INVENTORY,4.021,2223.05,9396.69,24.0,0.0,1.0,6.703,5313.4,-40.01,-58.16,0,74,56.25,-2.6820000000000004,-3090.3499999999995,NEGATIVE_OUTCOME
2026-09-21,GR-MOIST-50G,PROTECT_INVENTORY,6.348,4982.93,15322.05,37.0,0.0,1.0,4.021,2223.05,57.87,124.15,1,82,55.81,2.327,2759.88,SUCCESS
2026-09-22,GR-MOIST-50G,PROTECT_INVENTORY,11.822,8947.76,22627.31,54.0,0.0,1.0,6.348,4982.93,86.23,79.57,1,74,58.87,5.473999999999999,3964.83,SUCCESS
2026-09-23,GR-MOIST-50G,PROTECT_INVENTORY,7.016,6184.12,16600.03,45.0,0.0,1.0,11.822,8947.76,-40.65,-30.89,0,74,61.59,-4.805999999999999,-2763.6400000000003,NEGATIVE_OUTCOME
2026-09-24,GR-MOIST-50G,PROTECT_INVENTORY,3.44,1555.26,7068.17,19.0,0.0,1.0,7.016,6184.12,-50.97,-74.85,0,74,57.8,-3.576,-4628.86,NEGATIVE_OUTCOME
2026-09-25,GR-MOIST-50G,PROTECT_INVENTORY,1.905,-37.39,4413.68,12.0,0.0,1.0,3.44,1555.26,-44.62,-102.4,0,74,49.72,-1.535,-1592.65,NEGATIVE_OUTCOME
2026-09-26,GR-MOIST-50G,PROTECT_INVENTORY,13.776,13756.94,34528.37,81.0,0.0,1.0,1.905,-37.39,623.15,36893.1,1,66,38.48,11.871,13794.33,SUCCESS
2026-09-27,GR-MOIST-50G,PROTECT_INVENTORY,3.313,1390.63,7983.28,20.0,0.0,1.0,13.776,13756.94,-75.95,-89.89,0,82,63.3,-10.463,-12366.310000000001,NEGATIVE_OUTCOME
2026-09-01,GR-RET-15ML,MAINTAIN,4.537,2324.06,7728.13,8.0,21.79,0.0,11.445,8102.94,-60.36,-71.32,0,90,63.6,-6.908,-5778.879999999999,NEGATIVE_OUTCOME
2026-09-02,GR-RET-15ML,CHANGE_CREATIVE,3.555,1625.32,6296.47,8.0,20.51,0.0,4.537,2324.06,-21.64,-30.07,0,74,63.58,-0.9819999999999998,-698.74,NEGATIVE_OUTCOME
2026-09-03,GR-RET-15ML,MAINTAIN,4.497,2301.04,7460.67,11.0,14.07,0.0,3.555,1625.32,26.5,41.57,1,74,54.9,0.9419999999999997,675.72,SUCCESS
2026-09-04,GR-RET-15ML,MAINTAIN,4.487,2798.98,9102.73,12.0,15.79,0.0,4.497,2301.04,-0.22,21.64,0,82,62.21,-0.009999999999999787,497.94000000000005,MIXED_OUTCOME
2026-09-05,GR-RET-15ML,MAINTAIN,6.34,4552.05,12474.15,13.0,9.25,0.0,4.487,2798.98,41.3,62.63,1,82,60.46,1.8529999999999998,1753.0700000000002,SUCCESS
2026-09-06,GR-RET-15ML,MAINTAIN,6.428,3944.96,10770.41,13.0,8.78,0.0,6.34,4552.05,1.39,-13.34,1,90,63.67,0.08800000000000008,-607.0900000000001,SUCCESS
2026-09-07,GR-RET-15ML,MAINTAIN,6.618,4849.83,13171.71,19.0,5.69,0.0,6.428,3944.96,2.96,22.94,1,90,61.85,0.1900000000000004,904.8699999999999,SUCCESS
2026-09-08,GR-RET-15ML,MAINTAIN,7.04,4460.54,11682.93,17.0,4.45,0.0,6.618,4849.83,6.38,-8.03,1,82,62.53,0.4219999999999997,-389.28999999999996,SUCCESS
2026-09-09,GR-RET-15ML,MAINTAIN,8.98,6020.32,14904.92,15.0,5.36,0.0,7.04,4460.54,27.56,34.97,1,82,61.56,1.9400000000000004,1559.7799999999997,SUCCESS
2026-09-10,GR-RET-15ML,MAINTAIN,4.227,1913.68,6764.86,9.0,6.98,0.0,8.98,6020.32,-52.93,-68.21,0,82,62.3,-4.753,-4106.639999999999,NEGATIVE_OUTCOME
2026-09-11,GR-RET-15ML,MAINTAIN,5.87,3625.22,10418.61,15.0,3.29,0.0,4.227,1913.68,38.87,89.44,1,82,59.5,1.6429999999999998,1711.5399999999997,SUCCESS
2026-09-12,GR-RET-15ML,PROTECT_INVENTORY,5.449,3482.23,10449.12,15.0,2.23,0.0,5.87,3625.22,-7.17,-3.94,0,74,55.62,-0.42100000000000026,-142.98999999999978,NEGATIVE_OUTCOME
2026-09-13,GR-RET-15ML,PROTECT_INVENTORY,7.272,3756.5,9333.21,14.0,1.36,0.0,5.449,3482.23,33.46,7.88,1,82,59.97,1.8230000000000004,274.27,SUCCESS
2026-09-14,GR-RET-15ML,PROTECT_INVENTORY,4.723,2828.2,8746.43,13.0,0.33,0.0,7.272,3756.5,-35.05,-24.71,0,82,58.8,-2.5490000000000004,-928.3000000000002,NEGATIVE_OUTCOME
2026-09-15,GR-RET-15ML,PROTECT_INVENTORY,3.752,1597.85,5960.42,8.0,0.0,1.0,4.723,2828.2,-20.56,-43.5,0,82,61.9,-0.9710000000000001,-1230.35,NEGATIVE_OUTCOME
2026-09-16,GR-RET-15ML,PROTECT_INVENTORY,7.152,4219.81,10173.76,14.0,0.0,1.0,3.752,1597.85,90.62,164.09,1,82,49.51,3.4000000000000004,2621.9600000000005,SUCCESS
2026-09-17,GR-RET-15ML,PROTECT_INVENTORY,8.312,6142.95,14770.93,22.0,0.0,1.0,7.152,4219.81,16.22,45.57,1,82,60.51,1.1599999999999993,1923.1399999999994,SUCCESS
2026-09-18,GR-RET-15ML,PROTECT_INVENTORY,4.819,2797.81,9070.49,13.0,0.0,1.0,8.312,6142.95,-42.02,-54.45,0,82,60.27,-3.4929999999999994,-3345.14,NEGATIVE_OUTCOME
2026-09-19,GR-RET-15ML,PROTECT_INVENTORY,4.7,1985.23,5897.26,9.0,0.0,1.0,4.819,2797.81,-2.47,-29.04,0,82,56.69,-0.11899999999999977,-812.5799999999999,NEGATIVE_OUTCOME
2026-09-20,GR-RET-15ML,PROTECT_INVENTORY,12.107,7462.34,16172.6,22.0,0.0,1.0,4.7,1985.23,157.6,275.89,1,74,57.31,7.406999999999999,5477.110000000001,SUCCESS
2026-09-21,GR-RET-15ML,PROTECT_INVENTORY,7.792,5392.11,14086.41,20.0,0.0,1.0,12.107,7462.34,-35.64,-27.74,0,82,60.43,-4.3149999999999995,-2070.2300000000005,NEGATIVE_OUTCOME
2026-09-22,GR-RET-15ML,PROTECT_INVENTORY,3.484,1456.18,6214.22,9.0,0.0,1.0,7.792,5392.11,-55.29,-72.99,0,82,57.8,-4.308,-3935.9299999999994,NEGATIVE_OUTCOME
2026-09-23,GR-RET-15ML,PROTECT_INVENTORY,9.306,6807.3,16856.21,21.0,0.0,1.0,3.484,1456.18,167.11,367.48,1,74,50.69,5.821999999999999,5351.12,SUCCESS
2026-09-24,GR-RET-15ML,PROTECT_INVENTORY,7.618,5483.59,12995.1,19.0,0.0,1.0,9.306,6807.3,-18.14,-19.45,0,82,59.31,-1.6879999999999988,-1323.71,NEGATIVE_OUTCOME
2026-09-25,GR-RET-15ML,PROTECT_INVENTORY,12.357,12264.29,26919.02,31.0,0.0,1.0,7.618,5483.59,62.21,123.65,1,82,61.57,4.738999999999999,6780.700000000001,SUCCESS
2026-09-26,GR-RET-15ML,PROTECT_INVENTORY,4.292,2656.0,8686.9,13.0,0.0,1.0,12.357,12264.29,-65.27,-78.34,0,82,59.64,-8.065,-9608.29,NEGATIVE_OUTCOME
2026-09-27,GR-RET-15ML,PROTECT_INVENTORY,5.624,2571.41,7809.16,11.0,0.0,1.0,4.292,2656.0,31.03,-3.18,1,82,53.46,1.3319999999999999,-84.59000000000015,SUCCESS
2026-09-01,GR-RET-30ML,MAINTAIN,23.775,16530.17,31737.2,23.0,4.08,0.0,21.03,15096.22,13.05,9.5,1,82,64.7,2.7449999999999974,1433.949999999999,SUCCESS
2026-09-02,GR-RET-30ML,MAINTAIN,13.314,9119.63,19976.22,18.0,5.71,0.0,23.775,16530.17,-44.0,-44.83,0,82,61.11,-10.460999999999999,-7410.539999999999,NEGATIVE_OUTCOME
2026-09-03,GR-RET-30ML,MAINTAIN,24.822,19646.86,39545.18,36.0,2.04,0.0,13.314,9119.63,86.44,115.43,1,82,64.72,11.508,10527.230000000001,SUCCESS
2026-09-04,GR-RET-30ML,PROTECT_INVENTORY,22.476,17361.59,34127.3,32.0,1.18,0.0,24.822,19646.86,-9.45,-11.63,0,82,61.6,-2.346,-2285.2700000000004,NEGATIVE_OUTCOME
2026-09-05,GR-RET-30ML,PROTECT_INVENTORY,16.262,11593.2,22552.9,22.0,0.31,0.0,22.476,17361.59,-27.65,-33.23,0,74,57.22,-6.213999999999999,-5768.389999999999,NEGATIVE_OUTCOME
2026-09-06,GR-RET-30ML,PROTECT_INVENTORY,9.13,6199.08,13428.77,13.0,0.0,1.0,16.262,11593.2,-43.86,-46.53,0,82,59.14,-7.132,-5394.120000000001,NEGATIVE_OUTCOME
2026-09-07,GR-RET-30ML,PROTECT_INVENTORY,13.786,9749.02,20140.56,19.0,0.0,1.0,9.13,6199.08,51.0,57.27,1,74,55.31,4.655999999999999,3549.9400000000005,SUCCESS
2026-09-08,GR-RET-30ML,PROTECT_INVENTORY,14.545,11907.83,24175.85,23.0,0.0,1.0,13.786,9749.02,5.51,22.14,1,82,60.28,0.7590000000000003,2158.8099999999995,SUCCESS
2026-09-09,GR-RET-30ML,PROTECT_INVENTORY,32.94,21835.79,41945.46,28.0,0.0,1.0,14.545,11907.83,126.47,83.37,1,82,60.07,18.394999999999996,9927.960000000001,SUCCESS
2026-09-10,GR-RET-30ML,PROTECT_INVENTORY,24.357,20876.26,39832.95,25.0,0.0,1.0,32.94,21835.79,-26.06,-4.39,0,82,60.2,-8.582999999999998,-959.5300000000025,NEGATIVE_OUTCOME
2026-09-11,GR-RET-30ML,PROTECT_INVENTORY,13.644,9672.49,20978.35,19.0,0.0,1.0,24.357,20876.26,-43.98,-53.67,0,82,58.78,-10.713,-11203.769999999999,NEGATIVE_OUTCOME
2026-09-12,GR-RET-30ML,PROTECT_INVENTORY,17.242,13791.23,26704.02,26.0,0.0,1.0,13.644,9672.49,26.37,42.58,1,82,57.73,3.5980000000000008,4118.74,SUCCESS
2026-09-13,GR-RET-30ML,PROTECT_INVENTORY,19.661,14929.02,30471.79,25.0,0.0,1.0,17.242,13791.23,14.03,8.25,1,82,59.78,2.4190000000000005,1137.7900000000009,SUCCESS
2026-09-14,GR-RET-30ML,PROTECT_INVENTORY,23.541,18571.68,35036.92,34.0,0.0,1.0,19.661,14929.02,19.73,24.4,1,82,57.78,3.879999999999999,3642.66,SUCCESS
2026-09-15,GR-RET-30ML,PROTECT_INVENTORY,19.699,14199.3,29678.08,23.0,0.0,1.0,23.541,18571.68,-16.32,-23.54,0,82,60.44,-3.8419999999999987,-4372.380000000001,NEGATIVE_OUTCOME
2026-09-16,GR-RET-30ML,PROTECT_INVENTORY,15.914,9675.51,20546.46,16.0,0.0,1.0,19.699,14199.3,-19.21,-31.86,0,74,58.1,-3.785000000000002,-4523.789999999999,NEGATIVE_OUTCOME
2026-09-17,GR-RET-30ML,PROTECT_INVENTORY,19.383,12298.99,24635.97,23.0,0.0,1.0,15.914,9675.51,21.8,27.11,1,74,59.45,3.4689999999999994,2623.4799999999996,SUCCESS
2026-09-18,GR-RET-30ML,PROTECT_INVENTORY,25.169,17585.99,32568.64,32.0,0.0,1.0,19.383,12298.99,29.85,42.99,1,82,61.07,5.786000000000001,5287.000000000002,SUCCESS
2026-09-19,GR-RET-30ML,PROTECT_INVENTORY,15.608,9910.74,20278.27,19.0,0.0,1.0,25.169,17585.99,-37.99,-43.64,0,82,61.86,-9.561,-7675.250000000002,NEGATIVE_OUTCOME
2026-09-20,GR-RET-30ML,PROTECT_INVENTORY,24.024,16764.93,32894.39,28.0,0.0,1.0,15.608,9910.74,53.92,69.16,1,74,56.55,8.416,6854.1900000000005,SUCCESS
2026-09-21,GR-RET-30ML,PROTECT_INVENTORY,16.797,12644.67,25897.92,22.0,0.0,1.0,24.024,16764.93,-30.08,-24.58,0,82,61.26,-7.227,-4120.26,NEGATIVE_OUTCOME
2026-09-22,GR-RET-30ML,PROTECT_INVENTORY,12.178,10124.24,20407.85,20.0,0.0,1.0,16.797,12644.67,-27.5,-19.93,0,82,58.49,-4.619,-2520.4300000000003,NEGATIVE_OUTCOME
2026-09-23,GR-RET-30ML,PROTECT_INVENTORY,19.55,14452.27,28889.32,27.0,0.0,1.0,12.178,10124.24,60.54,42.75,1,74,56.19,7.372,4328.030000000001,SUCCESS
2026-09-24,GR-RET-30ML,PROTECT_INVENTORY,18.072,12788.97,24777.22,24.0,0.0,1.0,19.55,14452.27,-7.56,-11.51,0,82,57.82,-1.4780000000000015,-1663.300000000001,NEGATIVE_OUTCOME
2026-09-25,GR-RET-30ML,PROTECT_INVENTORY,27.045,20359.71,39763.91,37.0,0.0,1.0,18.072,12788.97,49.65,59.2,1,82,63.38,8.973000000000003,7570.74,SUCCESS
2026-09-26,GR-RET-30ML,PROTECT_INVENTORY,46.007,29568.31,53908.57,47.0,0.0,1.0,27.045,20359.71,70.11,45.23,1,82,60.86,18.961999999999996,9208.600000000002,SUCCESS
2026-09-27,GR-RET-30ML,PROTECT_INVENTORY,10.556,6848.3,14901.96,14.0,0.0,1.0,46.007,29568.31,-77.06,-76.84,0,74,58.47,-35.451,-22720.010000000002,NEGATIVE_OUTCOME
2026-09-01,GR-SHAMP-250ML,DECREASE_BUDGET,3.421,-319.31,5745.08,17.0,44.49,0.0,2.628,-785.11,30.18,59.33,1,82,55.43,0.7929999999999997,465.8,SUCCESS
2026-09-02,GR-SHAMP-250ML,DECREASE_BUDGET,3.775,-202.54,6405.71,15.0,57.82,0.0,3.421,-319.31,10.35,36.57,1,74,57.8,0.3540000000000001,116.77000000000001,SUCCESS
2026-09-03,GR-SHAMP-250ML,DECREASE_BUDGET,3.069,-369.64,4571.4,14.0,56.03,0.0,3.775,-202.54,-18.7,-82.5,0,82,61.59,-0.706,-167.1,NEGATIVE_OUTCOME
2026-09-04,GR-SHAMP-250ML,DECREASE_BUDGET,3.259,-394.67,5197.75,15.0,43.85,0.0,3.069,-369.64,6.19,-6.77,1,82,58.87,0.18999999999999995,-25.03000000000003,SUCCESS
2026-09-05,GR-SHAMP-250ML,DECREASE_BUDGET,3.121,-454.3,4790.99,12.0,56.04,0.0,3.259,-394.67,-4.23,-15.11,0,82,57.99,-0.1379999999999999,-59.629999999999995,NEGATIVE_OUTCOME
2026-09-06,GR-SHAMP-250ML,DECREASE_BUDGET,2.741,-532.02,4342.61,11.0,71.61,0.0,3.121,-454.3,-12.18,-17.11,0,82,53.73,-0.3799999999999999,-77.71999999999997,NEGATIVE_OUTCOME
2026-09-07,GR-SHAMP-250ML,DECREASE_BUDGET,2.496,-809.87,4617.29,13.0,50.63,0.0,2.741,-532.02,-8.94,-52.23,0,74,54.45,-0.2450000000000001,-277.85,NEGATIVE_OUTCOME
2026-09-08,GR-SHAMP-250ML,DECREASE_BUDGET,2.043,-904.16,3481.97,10.0,82.96,0.0,2.496,-809.87,-18.15,-11.64,0,66,52.29,-0.45299999999999985,-94.28999999999996,NEGATIVE_OUTCOME
2026-09-09,GR-SHAMP-250ML,DECREASE_BUDGET,2.585,-746.15,4617.2,13.0,41.47,0.0,2.043,-904.16,26.53,17.48,1,74,51.42,0.5419999999999998,158.01,SUCCESS
2026-09-10,GR-SHAMP-250ML,DECREASE_BUDGET,3.538,-178.49,5159.74,16.0,38.24,0.0,2.585,-746.15,36.87,76.08,1,82,54.47,0.9529999999999998,567.66,SUCCESS
2026-09-11,GR-SHAMP-250ML,DECREASE_BUDGET,5.259,307.96,7420.29,16.0,40.26,0.0,3.538,-178.49,48.64,272.54,1,82,59.33,1.7210000000000005,486.45,SUCCESS
2026-09-12,GR-SHAMP-250ML,INCREASE_BUDGET,2.386,-860.56,4726.34,14.0,41.18,0.0,5.259,307.96,-54.63,-379.44,0,90,68.59,-2.873,-1168.52,NEGATIVE_OUTCOME
2026-09-13,GR-SHAMP-250ML,DECREASE_BUDGET,1.128,-1096.87,1688.32,5.0,125.01,0.0,2.386,-860.56,-52.72,-27.46,0,74,50.56,-1.2580000000000002,-236.30999999999995,NEGATIVE_OUTCOME
2026-09-14,GR-SHAMP-250ML,DECREASE_BUDGET,3.213,-415.22,5066.72,12.0,49.04,0.0,1.128,-1096.87,184.84,62.15,1,74,44.19,2.085,681.6499999999999,SUCCESS
2026-09-15,GR-SHAMP-250ML,DECREASE_BUDGET,2.439,-753.08,4388.45,8.0,60.14,0.0,3.213,-415.22,-24.09,-81.37,0,74,58.22,-0.774,-337.86,NEGATIVE_OUTCOME
2026-09-16,GR-SHAMP-250ML,DECREASE_BUDGET,5.339,475.87,8564.47,26.0,21.14,0.0,2.439,-753.08,118.9,163.19,1,58,48.59,2.9000000000000004,1228.95,SUCCESS
2026-09-17,GR-SHAMP-250ML,MAINTAIN,5.006,207.94,8170.17,23.0,23.72,0.0,5.339,475.87,-6.24,-56.3,0,90,64.08,-0.3330000000000002,-267.93,NEGATIVE_OUTCOME
2026-09-18,GR-SHAMP-250ML,INCREASE_BUDGET,2.994,-485.86,5047.3,15.0,34.71,0.0,5.006,207.94,-40.19,-333.65,0,90,64.43,-2.012,-693.8,NEGATIVE_OUTCOME
2026-09-19,GR-SHAMP-250ML,DECREASE_BUDGET,2.462,-787.28,4858.35,12.0,41.81,0.0,2.994,-485.86,-17.77,-62.04,0,82,56.4,-0.532,-301.41999999999996,NEGATIVE_OUTCOME
2026-09-20,GR-SHAMP-250ML,DECREASE_BUDGET,1.676,-962.06,2685.48,8.0,50.04,0.0,2.462,-787.28,-31.93,-22.2,0,74,54.48,-0.7860000000000003,-174.77999999999997,NEGATIVE_OUTCOME
2026-09-21,GR-SHAMP-250ML,DECREASE_BUDGET,2.275,-962.04,4737.57,14.0,38.77,0.0,1.676,-962.06,35.74,0.0,1,66,47.92,0.599,0.01999999999998181,SUCCESS
2026-09-22,GR-SHAMP-250ML,DECREASE_BUDGET,2.063,-856.23,3581.96,11.0,37.66,0.0,2.275,-962.04,-9.32,11.0,0,74,49.46,-0.21199999999999974,105.80999999999995,MIXED_OUTCOME
2026-09-23,GR-SHAMP-250ML,DECREASE_BUDGET,4.396,44.53,6637.81,16.0,31.15,0.0,2.063,-856.23,113.09,105.2,1,74,50.51,2.3329999999999997,900.76,SUCCESS
2026-09-24,GR-SHAMP-250ML,INCREASE_BUDGET,1.602,-1077.87,2752.33,8.0,50.53,0.0,4.396,44.53,-63.56,-2520.55,0,90,65.04,-2.7939999999999996,-1122.3999999999999,NEGATIVE_OUTCOME
2026-09-25,GR-SHAMP-250ML,DECREASE_BUDGET,2.729,-545.95,4366.32,11.0,45.12,0.0,1.602,-1077.87,70.35,49.35,1,74,47.68,1.127,531.9199999999998,SUCCESS
2026-09-26,GR-SHAMP-250ML,DECREASE_BUDGET,4.83,242.52,8723.11,18.0,26.09,0.0,2.729,-545.95,76.99,144.42,1,74,57.6,2.101,788.47,SUCCESS
2026-09-27,GR-SHAMP-250ML,INCREASE_BUDGET,4.439,35.71,9785.52,28.0,14.57,0.0,4.83,242.52,-8.1,-85.28,0,90,67.99,-0.391,-206.81,NEGATIVE_OUTCOME
2026-09-01,GR-SHAMP-400ML,DECREASE_BUDGET,3.102,-123.67,4726.84,10.0,55.35,0.0,2.347,-693.93,32.17,82.18,1,58,47.82,0.7549999999999999,570.26,SUCCESS
2026-09-02,GR-SHAMP-400ML,DECREASE_BUDGET,4.065,226.13,7618.01,15.0,47.09,0.0,3.102,-123.67,31.04,282.85,1,82,55.2,0.9630000000000005,349.8,SUCCESS
2026-09-03,GR-SHAMP-400ML,MAINTAIN,5.961,1138.09,8683.57,15.0,37.39,0.0,4.065,226.13,46.64,403.29,1,82,62.33,1.896,911.9599999999999,SUCCESS
2026-09-04,GR-SHAMP-400ML,MAINTAIN,4.19,499.11,9335.41,18.0,24.03,0.0,5.961,1138.09,-29.71,-56.14,0,82,67.34,-1.771,-638.9799999999999,NEGATIVE_OUTCOME
2026-09-05,GR-SHAMP-400ML,MAINTAIN,1.336,-1288.56,2805.44,5.0,60.14,0.0,4.19,499.11,-68.11,-358.17,0,82,62.36,-2.854,-1787.67,NEGATIVE_OUTCOME
2026-09-06,GR-SHAMP-400ML,DECREASE_BUDGET,4.802,891.28,10509.37,22.0,26.03,0.0,1.336,-1288.56,259.43,169.17,1,66,44.78,3.4659999999999993,2179.84,SUCCESS
2026-09-07,GR-SHAMP-400ML,MAINTAIN,2.298,-764.62,5616.81,12.0,37.19,0.0,4.802,891.28,-52.14,-185.79,0,82,68.63,-2.5039999999999996,-1655.9,NEGATIVE_OUTCOME
2026-09-08,GR-SHAMP-400ML,DECREASE_BUDGET,5.899,956.5,7952.14,13.0,37.3,0.0,2.298,-764.62,156.7,225.09,1,74,50.41,3.601,1721.12,SUCCESS
2026-09-09,GR-SHAMP-400ML,INCREASE_BUDGET,2.43,-574.28,4589.01,8.0,44.61,0.0,5.899,956.5,-58.81,-160.04,0,90,69.31,-3.469,-1530.78,NEGATIVE_OUTCOME
2026-09-10,GR-SHAMP-400ML,DECREASE_BUDGET,2.462,-634.19,5273.68,10.0,38.5,0.0,2.43,-574.28,1.32,-10.43,1,66,53.82,0.03200000000000003,-59.91000000000008,SUCCESS
2026-09-11,GR-SHAMP-400ML,DECREASE_BUDGET,4.259,434.38,7094.54,15.0,27.17,0.0,2.462,-634.19,72.99,168.49,1,74,55.02,1.7970000000000002,1068.5700000000002,SUCCESS
2026-09-12,GR-SHAMP-400ML,MAINTAIN,3.203,-151.36,5417.48,11.0,37.41,0.0,4.259,434.38,-24.79,-134.85,0,90,65.49,-1.0560000000000005,-585.74,NEGATIVE_OUTCOME
2026-09-13,GR-SHAMP-400ML,DECREASE_BUDGET,2.904,-338.57,6673.91,14.0,26.91,0.0,3.203,-151.36,-9.33,-123.69,0,82,57.41,-0.29899999999999993,-187.20999999999998,NEGATIVE_OUTCOME
2026-09-14,GR-SHAMP-400ML,DECREASE_BUDGET,3.895,271.4,8758.0,18.0,19.69,0.0,2.904,-338.57,34.13,180.16,1,82,58.8,0.9910000000000001,609.97,SUCCESS
2026-09-15,GR-SHAMP-400ML,MAINTAIN,5.284,917.44,9332.67,15.0,22.96,0.0,3.895,271.4,35.66,238.04,1,90,57.6,1.3889999999999998,646.0400000000001,SUCCESS
2026-09-16,GR-SHAMP-400ML,MAINTAIN,2.411,-753.58,6204.9,13.0,26.53,0.0,5.284,917.44,-54.37,-182.14,0,82,63.39,-2.8729999999999998,-1671.02,NEGATIVE_OUTCOME
2026-09-17,GR-SHAMP-400ML,DECREASE_BUDGET,3.684,215.26,7973.89,17.0,21.6,0.0,2.411,-753.58,52.8,128.56,1,66,51.86,1.2730000000000001,968.84,SUCCESS
2026-09-18,GR-SHAMP-400ML,MAINTAIN,5.761,1360.85,10710.56,23.0,13.2,0.0,3.684,215.26,56.38,532.19,1,82,54.94,2.077,1145.59,SUCCESS
2026-09-19,GR-SHAMP-400ML,INCREASE_BUDGET,1.822,-957.35,3785.2,8.0,33.46,0.0,5.761,1360.85,-68.37,-170.35,0,90,65.0,-3.939,-2318.2,NEGATIVE_OUTCOME
2026-09-20,GR-SHAMP-400ML,DECREASE_BUDGET,3.547,26.97,6856.53,14.0,19.58,0.0,1.822,-957.35,94.68,102.82,1,66,46.97,1.725,984.32,SUCCESS
2026-09-21,GR-SHAMP-400ML,INCREASE_BUDGET,2.418,-525.52,4656.26,10.0,24.67,0.0,3.547,26.97,-31.83,-2048.54,0,90,55.42,-1.129,-552.49,NEGATIVE_OUTCOME
2026-09-22,GR-SHAMP-400ML,DECREASE_BUDGET,4.367,444.27,8390.59,13.0,25.33,0.0,2.418,-525.52,80.6,184.54,1,74,49.93,1.9489999999999998,969.79,SUCCESS
2026-09-23,GR-SHAMP-400ML,INCREASE_BUDGET,4.983,980.28,11149.73,16.0,18.25,0.0,4.367,444.27,14.11,120.65,1,90,65.91,0.6159999999999997,536.01,SUCCESS
2026-09-24,GR-SHAMP-400ML,MAINTAIN,2.833,-391.95,6119.56,10.0,25.63,0.0,4.983,980.28,-43.15,-139.98,0,82,63.04,-2.1499999999999995,-1372.23,NEGATIVE_OUTCOME
2026-09-25,GR-SHAMP-400ML,DECREASE_BUDGET,2.519,-478.65,4724.6,8.0,22.13,0.0,2.833,-391.95,-11.08,-22.12,0,82,53.99,-0.31400000000000006,-86.69999999999999,NEGATIVE_OUTCOME
2026-09-26,GR-SHAMP-400ML,DECREASE_BUDGET,3.014,-302.27,6601.1,12.0,21.79,0.0,2.519,-478.65,19.65,36.85,1,66,45.85,0.49499999999999966,176.38,SUCCESS
2026-09-27,GR-SHAMP-400ML,DECREASE_BUDGET,3.005,-380.95,7034.25,14.0,15.52,0.0,3.014,-302.27,-0.3,-26.03,0,82,50.85,-0.008999999999999897,-78.68,NEGATIVE_OUTCOME
2026-09-01,GR-SUNSCR-100G,MAINTAIN,17.55,10918.43,26296.93,31.0,7.6,0.0,8.134,4343.7,115.76,151.36,1,82,63.55,9.416,6574.7300000000005,SUCCESS
2026-09-02,GR-SUNSCR-100G,MAINTAIN,3.907,1441.52,5620.45,8.0,16.56,0.0,17.55,10918.43,-77.74,-86.8,0,90,60.84,-13.643,-9476.91,NEGATIVE_OUTCOME
2026-09-03,GR-SUNSCR-100G,INCREASE_BUDGET,11.62,8672.69,20535.33,29.0,4.99,0.0,3.907,1441.52,197.41,501.64,1,90,58.58,7.712999999999999,7231.17,SUCCESS
2026-09-04,GR-SUNSCR-100G,MAINTAIN,10.047,6743.47,17032.21,19.0,6.54,0.0,11.62,8672.69,-13.54,-22.24,0,82,59.79,-1.5729999999999986,-1929.2200000000003,NEGATIVE_OUTCOME
2026-09-05,GR-SUNSCR-100G,MAINTAIN,10.666,6715.67,17583.38,19.0,5.79,0.0,10.047,6743.47,6.16,-0.41,1,74,59.98,0.6189999999999998,-27.800000000000182,SUCCESS
2026-09-06,GR-SUNSCR-100G,MAINTAIN,5.801,4087.53,11790.4,17.0,6.96,0.0,10.666,6715.67,-45.61,-39.13,0,82,60.98,-4.865,-2628.14,NEGATIVE_OUTCOME
2026-09-07,GR-SUNSCR-100G,MAINTAIN,6.748,3785.43,10867.43,12.0,6.35,0.0,5.801,4087.53,16.32,-7.39,1,82,62.75,0.9470000000000001,-302.10000000000036,SUCCESS
2026-09-08,GR-SUNSCR-100G,MAINTAIN,13.487,9164.57,22303.15,24.0,2.38,0.0,6.748,3785.43,99.87,142.1,1,66,55.92,6.739,5379.139999999999,SUCCESS
2026-09-09,GR-SUNSCR-100G,PROTECT_INVENTORY,13.297,9296.66,22369.26,22.0,2.63,0.0,13.487,9164.57,-1.41,1.44,0,74,59.54,-0.1899999999999995,132.09000000000015,MIXED_OUTCOME
2026-09-10,GR-SUNSCR-100G,PROTECT_INVENTORY,18.09,10749.86,25072.2,27.0,0.69,0.0,13.297,9296.66,36.05,15.63,1,82,59.13,4.792999999999999,1453.2000000000007,SUCCESS
2026-09-11,GR-SUNSCR-100G,PROTECT_INVENTORY,11.048,7329.74,18453.31,25.0,0.0,1.0,18.09,10749.86,-38.93,-31.82,0,82,59.35,-7.042,-3420.120000000001,NEGATIVE_OUTCOME
2026-09-12,GR-SUNSCR-100G,PROTECT_INVENTORY,10.784,6796.81,15995.47,23.0,0.0,1.0,11.048,7329.74,-2.39,-7.27,0,82,59.37,-0.26399999999999935,-532.9299999999994,NEGATIVE_OUTCOME
2026-09-13,GR-SUNSCR-100G,PROTECT_INVENTORY,10.117,6335.01,16035.71,22.0,0.0,1.0,10.784,6796.81,-6.19,-6.79,0,82,57.53,-0.6669999999999998,-461.8000000000002,NEGATIVE_OUTCOME
2026-09-14,GR-SUNSCR-100G,PROTECT_INVENTORY,11.672,8251.38,19849.46,23.0,0.0,1.0,10.117,6335.01,15.37,30.25,1,82,59.72,1.5549999999999997,1916.369999999999,SUCCESS
2026-09-15,GR-SUNSCR-100G,PROTECT_INVENTORY,10.987,6764.87,16646.69,23.0,0.0,1.0,11.672,8251.38,-5.87,-18.02,0,74,55.01,-0.6850000000000005,-1486.5099999999993,NEGATIVE_OUTCOME
2026-09-16,GR-SUNSCR-100G,PROTECT_INVENTORY,11.261,6549.95,15427.58,22.0,0.0,1.0,10.987,6764.87,2.49,-3.18,1,82,59.42,0.27399999999999913,-214.92000000000007,SUCCESS
2026-09-17,GR-SUNSCR-100G,PROTECT_INVENTORY,8.489,6074.0,15670.72,22.0,0.0,1.0,11.261,6549.95,-24.62,-7.27,0,82,57.79,-2.7719999999999985,-475.9499999999998,NEGATIVE_OUTCOME
2026-09-18,GR-SUNSCR-100G,PROTECT_INVENTORY,12.228,8380.78,20777.93,28.0,0.0,1.0,8.489,6074.0,44.05,37.98,1,74,57.31,3.738999999999999,2306.7800000000007,SUCCESS
2026-09-19,GR-SUNSCR-100G,PROTECT_INVENTORY,8.205,5411.64,14673.14,20.0,0.0,1.0,12.228,8380.78,-32.9,-35.43,0,82,60.2,-4.023,-2969.1400000000003,NEGATIVE_OUTCOME
2026-09-20,GR-SUNSCR-100G,PROTECT_INVENTORY,14.712,10567.2,24609.62,34.0,0.0,1.0,8.205,5411.64,79.31,95.27,1,82,57.74,6.507,5155.56,SUCCESS
2026-09-21,GR-SUNSCR-100G,PROTECT_INVENTORY,17.587,12261.33,27989.92,30.0,0.0,1.0,14.712,10567.2,19.54,16.03,1,82,59.28,2.875,1694.1299999999992,SUCCESS
2026-09-22,GR-SUNSCR-100G,PROTECT_INVENTORY,10.361,6619.77,16404.64,13.0,0.0,1.0,17.587,12261.33,-41.09,-46.01,0,82,59.3,-7.225999999999999,-5641.5599999999995,NEGATIVE_OUTCOME
2026-09-23,GR-SUNSCR-100G,PROTECT_INVENTORY,13.238,10549.25,24600.29,28.0,0.0,1.0,10.361,6619.77,27.77,59.36,1,74,58.71,2.876999999999999,3929.4799999999996,SUCCESS
2026-09-24,GR-SUNSCR-100G,PROTECT_INVENTORY,5.355,2993.64,9030.59,13.0,0.0,1.0,13.238,10549.25,-59.55,-71.62,0,82,61.81,-7.882999999999999,-7555.610000000001,NEGATIVE_OUTCOME
2026-09-25,GR-SUNSCR-100G,PROTECT_INVENTORY,13.59,10516.28,25108.58,28.0,0.0,1.0,5.355,2993.64,153.78,251.29,1,74,57.13,8.235,7522.640000000001,SUCCESS
2026-09-26,GR-SUNSCR-100G,PROTECT_INVENTORY,18.676,14095.75,30883.05,35.0,0.0,1.0,13.59,10516.28,37.42,34.04,1,82,58.36,5.0859999999999985,3579.4699999999993,SUCCESS
2026-09-27,GR-SUNSCR-100G,PROTECT_INVENTORY,8.177,6810.52,17903.13,25.0,0.0,1.0,18.676,14095.75,-56.22,-51.68,0,82,59.11,-10.498999999999999,-7285.23,NEGATIVE_OUTCOME
2026-09-01,GR-SUNSCR-50G,CHANGE_CREATIVE,8.073,4635.65,13435.79,30.0,5.35,0.0,3.829,1500.46,110.84,208.95,1,74,54.13,4.244,3135.1899999999996,SUCCESS
2026-09-02,GR-SUNSCR-50G,MAINTAIN,4.125,1246.01,5255.46,12.0,12.0,0.0,8.073,4635.65,-48.9,-73.12,0,82,62.39,-3.9480000000000004,-3389.6399999999994,NEGATIVE_OUTCOME
2026-09-03,GR-SUNSCR-50G,MAINTAIN,2.491,357.33,4340.24,10.0,12.24,0.0,4.125,1246.01,-39.61,-71.32,0,74,52.54,-1.634,-888.6800000000001,NEGATIVE_OUTCOME
2026-09-04,GR-SUNSCR-50G,MAINTAIN,6.484,3188.28,9282.75,22.0,4.96,0.0,2.491,357.33,160.3,792.25,1,66,44.46,3.993,2830.9500000000003,SUCCESS
2026-09-05,GR-SUNSCR-50G,MAINTAIN,6.104,3397.9,11305.93,25.0,5.01,0.0,6.484,3188.28,-5.86,6.57,0,82,60.01,-0.3799999999999999,209.6199999999999,MIXED_OUTCOME
2026-09-06,GR-SUNSCR-50G,MAINTAIN,9.227,5257.43,13652.8,23.0,3.68,0.0,6.104,3397.9,51.16,54.73,1,74,56.56,3.123,1859.5300000000002,SUCCESS
2026-09-07,GR-SUNSCR-50G,PROTECT_INVENTORY,6.446,3586.88,10682.72,18.0,3.71,0.0,9.227,5257.43,-30.14,-31.78,0,74,58.87,-2.7810000000000006,-1670.5500000000002,NEGATIVE_OUTCOME
2026-09-08,GR-SUNSCR-50G,PROTECT_INVENTORY,7.324,3229.13,9875.74,18.0,2.65,0.0,6.446,3586.88,13.62,-9.97,1,82,58.91,0.8780000000000001,-357.75,SUCCESS
2026-09-09,GR-SUNSCR-50G,PROTECT_INVENTORY,4.274,1947.93,7830.09,18.0,1.7,0.0,7.324,3229.13,-41.64,-39.68,0,82,60.56,-3.05,-1281.2,NEGATIVE_OUTCOME
2026-09-10,GR-SUNSCR-50G,PROTECT_INVENTORY,7.186,3385.14,10401.98,17.0,0.48,0.0,4.274,1947.93,68.13,73.78,1,82,55.09,2.912,1437.2099999999998,SUCCESS
2026-09-11,GR-SUNSCR-50G,PROTECT_INVENTORY,6.847,3972.03,11626.11,27.0,0.0,1.0,7.186,3385.14,-4.72,17.34,0,82,55.58,-0.3389999999999995,586.8900000000003,MIXED_OUTCOME
2026-09-12,GR-SUNSCR-50G,PROTECT_INVENTORY,4.858,2058.44,7376.33,13.0,0.0,1.0,6.847,3972.03,-29.05,-48.18,0,82,59.68,-1.9890000000000008,-1913.5900000000001,NEGATIVE_OUTCOME
2026-09-13,GR-SUNSCR-50G,PROTECT_INVENTORY,8.763,4341.58,11641.2,27.0,0.0,1.0,4.858,2058.44,80.38,110.92,1,82,57.09,3.9050000000000002,2283.14,SUCCESS
2026-09-14,GR-SUNSCR-50G,PROTECT_INVENTORY,6.578,3473.46,10097.25,20.0,0.0,1.0,8.763,4341.58,-24.93,-20.0,0,74,56.28,-2.1849999999999996,-868.1199999999999,NEGATIVE_OUTCOME
2026-09-15,GR-SUNSCR-50G,PROTECT_INVENTORY,7.229,3610.15,10293.62,22.0,0.0,1.0,6.578,3473.46,9.9,3.94,1,82,59.57,0.6509999999999998,136.69000000000005,SUCCESS
2026-09-16,GR-SUNSCR-50G,PROTECT_INVENTORY,7.823,4775.57,14242.74,29.0,0.0,1.0,7.229,3610.15,8.22,32.28,1,82,59.0,0.5940000000000003,1165.4199999999996,SUCCESS
2026-09-17,GR-SUNSCR-50G,PROTECT_INVENTORY,3.639,1110.3,5894.13,13.0,0.0,1.0,7.823,4775.57,-53.48,-76.75,0,82,60.05,-4.184000000000001,-3665.2699999999995,NEGATIVE_OUTCOME
2026-09-18,GR-SUNSCR-50G,PROTECT_INVENTORY,4.127,1671.55,6832.98,14.0,0.0,1.0,3.639,1110.3,13.41,50.55,1,82,49.13,0.488,561.25,SUCCESS
2026-09-19,GR-SUNSCR-50G,PROTECT_INVENTORY,6.935,3332.01,10387.97,23.0,0.0,1.0,4.127,1671.55,68.04,99.34,1,82,54.91,2.808,1660.4600000000003,SUCCESS
2026-09-20,GR-SUNSCR-50G,PROTECT_INVENTORY,9.726,5379.08,15084.13,33.0,0.0,1.0,6.935,3332.01,40.25,61.44,1,82,57.65,2.7910000000000013,2047.0699999999997,SUCCESS
2026-09-21,GR-SUNSCR-50G,PROTECT_INVENTORY,8.026,4495.26,12800.12,29.0,0.0,1.0,9.726,5379.08,-17.48,-16.43,0,82,60.91,-1.700000000000001,-883.8199999999997,NEGATIVE_OUTCOME
2026-09-22,GR-SUNSCR-50G,PROTECT_INVENTORY,7.499,4508.25,13437.06,30.0,0.0,1.0,8.026,4495.26,-6.57,0.29,0,82,57.49,-0.5270000000000001,12.989999999999782,MIXED_OUTCOME
2026-09-23,GR-SUNSCR-50G,PROTECT_INVENTORY,5.581,2555.1,8953.34,15.0,0.0,1.0,7.499,4508.25,-25.58,-43.32,0,82,61.31,-1.9179999999999993,-1953.15,NEGATIVE_OUTCOME
2026-09-24,GR-SUNSCR-50G,PROTECT_INVENTORY,5.959,2429.42,8048.62,18.0,0.0,1.0,5.581,2555.1,6.77,-4.92,1,82,56.29,0.3779999999999992,-125.67999999999984,SUCCESS
2026-09-25,GR-SUNSCR-50G,PROTECT_INVENTORY,8.189,5429.62,15672.34,30.0,0.0,1.0,5.959,2429.42,37.42,123.49,1,74,57.63,2.2300000000000004,3000.2,SUCCESS
2026-09-26,GR-SUNSCR-50G,PROTECT_INVENTORY,4.491,2172.04,8164.19,19.0,0.0,1.0,8.189,5429.62,-45.16,-60.0,0,82,60.17,-3.6980000000000004,-3257.58,NEGATIVE_OUTCOME
2026-09-27,GR-SUNSCR-50G,PROTECT_INVENTORY,6.719,3842.93,10864.43,26.0,0.0,1.0,4.491,2172.04,49.61,76.93,1,82,54.24,2.2280000000000006,1670.8899999999999,SUCCESS
2026-09-01,GR-VITC-15ML,INCREASE_BUDGET,7.405,8170.46,19209.39,44.0,15.73,0.0,12.222,14165.75,-39.41,-42.32,0,90,68.2,-4.816999999999999,-5995.29,NEGATIVE_OUTCOME
2026-09-02,GR-VITC-15ML,MAINTAIN,7.641,8317.12,19889.57,52.0,13.14,0.0,7.405,8170.46,3.19,1.8,1,82,66.88,0.23599999999999977,146.66000000000076,SUCCESS
2026-09-03,GR-VITC-15ML,MAINTAIN,4.447,3265.83,10492.93,24.0,23.76,0.0,7.641,8317.12,-41.8,-60.73,0,82,63.72,-3.194,-5051.290000000001,NEGATIVE_OUTCOME
2026-09-04,GR-VITC-15ML,MAINTAIN,9.102,9448.9,21034.8,56.0,12.45,0.0,4.447,3265.83,104.68,189.33,1,82,66.22,4.655,6183.07,SUCCESS
2026-09-05,GR-VITC-15ML,MAINTAIN,5.461,4476.76,13398.3,33.0,17.53,0.0,9.102,9448.9,-40.0,-52.62,0,90,65.3,-3.641,-4972.139999999999,NEGATIVE_OUTCOME
2026-09-06,GR-VITC-15ML,MAINTAIN,9.636,11241.84,25910.21,62.0,8.15,0.0,5.461,4476.76,76.45,151.12,1,90,73.91,4.174999999999999,6765.08,SUCCESS
2026-09-07,GR-VITC-15ML,MAINTAIN,5.52,5298.54,14801.65,38.0,11.61,0.0,9.636,11241.84,-42.71,-52.87,0,90,67.67,-4.116,-5943.3,NEGATIVE_OUTCOME
2026-09-08,GR-VITC-15ML,INCREASE_BUDGET,8.695,12372.37,28161.69,69.0,6.11,0.0,5.52,5298.54,57.52,133.51,1,90,68.23,3.1750000000000007,7073.830000000001,SUCCESS
2026-09-09,GR-VITC-15ML,MAINTAIN,8.39,9623.68,23205.04,49.0,8.85,0.0,8.695,12372.37,-3.51,-22.22,0,82,66.81,-0.3049999999999997,-2748.6900000000005,NEGATIVE_OUTCOME
2026-09-10,GR-VITC-15ML,MAINTAIN,7.088,5802.33,15224.67,32.0,11.68,0.0,8.39,9623.68,-15.52,-39.71,0,90,67.28,-1.3020000000000005,-3821.3500000000004,NEGATIVE_OUTCOME
2026-09-11,GR-VITC-15ML,INCREASE_BUDGET,7.802,8508.93,19711.78,50.0,7.07,0.0,7.088,5802.33,10.07,46.65,1,90,65.37,0.7139999999999995,2706.6000000000004,SUCCESS
2026-09-12,GR-VITC-15ML,MAINTAIN,5.675,4070.35,11462.44,29.0,9.77,0.0,7.802,8508.93,-27.26,-52.16,0,90,66.09,-2.127,-4438.58,NEGATIVE_OUTCOME
2026-09-13,GR-VITC-15ML,MAINTAIN,10.996,12430.48,26237.54,60.0,3.54,0.0,5.675,4070.35,93.76,205.39,1,90,65.21,5.321000000000001,8360.13,SUCCESS
2026-09-14,GR-VITC-15ML,PROTECT_INVENTORY,3.507,2514.34,9769.77,23.0,9.79,0.0,10.996,12430.48,-68.11,-79.77,0,82,64.12,-7.489000000000001,-9916.14,NEGATIVE_OUTCOME
2026-09-15,GR-VITC-15ML,MAINTAIN,5.412,4554.3,13410.57,32.0,4.88,0.0,3.507,2514.34,54.32,81.13,1,90,56.54,1.9049999999999998,2039.96,SUCCESS
2026-09-16,GR-VITC-15ML,MAINTAIN,5.744,5486.71,15528.95,39.0,2.86,0.0,5.412,4554.3,6.13,20.47,1,82,63.63,0.33199999999999985,932.4099999999999,SUCCESS
2026-09-17,GR-VITC-15ML,PROTECT_INVENTORY,6.29,5149.56,13840.39,35.0,2.21,0.0,5.744,5486.71,9.51,-6.14,1,82,63.21,0.5460000000000003,-337.14999999999964,SUCCESS
2026-09-18,GR-VITC-15ML,PROTECT_INVENTORY,5.689,5740.74,15642.42,37.0,1.3,0.0,6.29,5149.56,-9.55,11.48,0,82,62.83,-0.601,591.1799999999994,MIXED_OUTCOME
2026-09-19,GR-VITC-15ML,PROTECT_INVENTORY,8.667,9511.52,23128.25,58.0,0.0,1.0,5.689,5740.74,52.35,65.68,1,82,64.23,2.9779999999999998,3770.7800000000007,SUCCESS
2026-09-20,GR-VITC-15ML,PROTECT_INVENTORY,6.265,5751.63,15276.9,39.0,0.0,1.0,8.667,9511.52,-27.71,-39.53,0,82,64.23,-2.402,-3759.8900000000003,NEGATIVE_OUTCOME
2026-09-21,GR-VITC-15ML,PROTECT_INVENTORY,6.046,5573.87,15818.18,39.0,0.0,1.0,6.265,5751.63,-3.5,-3.09,0,82,62.33,-0.21899999999999942,-177.76000000000022,NEGATIVE_OUTCOME
2026-09-22,GR-VITC-15ML,PROTECT_INVENTORY,8.186,10147.92,23699.15,52.0,0.0,1.0,6.046,5573.87,35.4,82.06,1,82,62.05,2.1399999999999997,4574.05,SUCCESS
2026-09-23,GR-VITC-15ML,PROTECT_INVENTORY,11.759,11716.37,25924.12,53.0,0.0,1.0,8.186,10147.92,43.65,15.46,1,82,61.79,3.5730000000000004,1568.4500000000007,SUCCESS
2026-09-24,GR-VITC-15ML,PROTECT_INVENTORY,6.425,5180.93,13935.62,35.0,0.0,1.0,11.759,11716.37,-45.36,-55.78,0,82,62.16,-5.3340000000000005,-6535.4400000000005,NEGATIVE_OUTCOME
2026-09-25,GR-VITC-15ML,PROTECT_INVENTORY,7.882,9104.41,20930.64,56.0,0.0,1.0,6.425,5180.93,22.68,75.73,1,82,61.44,1.4569999999999999,3923.4799999999996,SUCCESS
2026-09-26,GR-VITC-15ML,PROTECT_INVENTORY,6.775,7690.49,19035.79,50.0,0.0,1.0,7.882,9104.41,-14.04,-15.53,0,82,63.61,-1.1069999999999993,-1413.92,NEGATIVE_OUTCOME
2026-09-27,GR-VITC-15ML,PROTECT_INVENTORY,5.337,5426.47,14848.91,36.0,0.0,1.0,6.775,7690.49,-21.23,-29.44,0,82,66.18,-1.4380000000000006,-2264.0199999999995,NEGATIVE_OUTCOME
2026-09-01,GR-VITC-30ML,INCREASE_BUDGET,20.202,9646.5,18454.98,33.0,30.27,0.0,23.059,10002.55,-12.39,-3.56,0,90,76.18,-2.8569999999999993,-356.0499999999993,NEGATIVE_OUTCOME
2026-09-02,GR-VITC-30ML,INCREASE_BUDGET,25.864,11630.57,21969.64,39.0,28.73,0.0,20.202,9646.5,28.03,20.57,1,90,82.57,5.661999999999999,1984.0699999999997,SUCCESS
2026-09-03,GR-VITC-30ML,MAINTAIN,22.014,10207.85,19936.76,30.0,35.99,0.0,25.864,11630.57,-14.89,-12.23,0,82,76.0,-3.8500000000000014,-1422.7199999999993,NEGATIVE_OUTCOME
2026-09-04,GR-VITC-30ML,INCREASE_BUDGET,25.241,10475.98,19591.42,32.0,32.46,0.0,22.014,10207.85,14.66,2.63,1,90,77.28,3.2270000000000003,268.1299999999992,SUCCESS
2026-09-05,GR-VITC-30ML,MAINTAIN,25.155,12031.84,24492.24,32.0,33.94,0.0,25.241,10475.98,-0.34,14.85,0,90,75.78,-0.08599999999999852,1555.8600000000006,MIXED_OUTCOME
2026-09-06,GR-VITC-30ML,MAINTAIN,4.238,1084.38,3541.13,6.0,118.67,0.0,25.155,12031.84,-83.15,-90.99,0,90,74.5,-20.917,-10947.46,NEGATIVE_OUTCOME
2026-09-07,GR-VITC-30ML,CHANGE_CREATIVE,17.193,9387.5,20159.32,33.0,32.68,0.0,4.238,1084.38,305.69,765.7,1,82,65.94,12.955000000000002,8303.119999999999,SUCCESS
2026-09-08,GR-VITC-30ML,MAINTAIN,33.751,12029.44,23846.27,35.0,25.92,0.0,17.193,9387.5,96.31,28.14,1,90,76.67,16.557999999999996,2641.9400000000005,SUCCESS
2026-09-09,GR-VITC-30ML,INCREASE_BUDGET,23.759,11169.38,22457.97,34.0,24.66,0.0,33.751,12029.44,-29.61,-7.15,0,90,76.97,-9.991999999999997,-860.0600000000013,NEGATIVE_OUTCOME
2026-09-10,GR-VITC-30ML,INCREASE_BUDGET,34.58,14290.7,25911.0,47.0,19.09,0.0,23.759,11169.38,45.54,27.95,1,90,76.01,10.820999999999998,3121.3200000000015,SUCCESS
2026-09-11,GR-VITC-30ML,MAINTAIN,15.732,7118.44,13869.01,25.0,34.87,0.0,34.58,14290.7,-54.51,-50.19,0,82,68.38,-18.848,-7172.260000000001,NEGATIVE_OUTCOME
2026-09-12,GR-VITC-30ML,INCREASE_BUDGET,27.091,8056.82,15798.81,27.0,25.9,0.0,15.732,7118.44,72.2,13.18,1,90,75.96,11.359000000000002,938.3800000000001,SUCCESS
2026-09-13,GR-VITC-30ML,MAINTAIN,28.369,12915.5,23957.53,43.0,20.33,0.0,27.091,8056.82,4.72,60.31,1,90,71.59,1.2779999999999987,4858.68,SUCCESS
2026-09-14,GR-VITC-30ML,MAINTAIN,16.268,6549.36,13531.93,21.0,30.43,0.0,28.369,12915.5,-42.66,-49.29,0,90,73.89,-12.100999999999999,-6366.14,NEGATIVE_OUTCOME
2026-09-15,GR-VITC-30ML,INCREASE_BUDGET,16.938,6868.26,13749.09,24.0,32.68,0.0,16.268,6549.36,4.12,4.87,1,90,73.19,0.6699999999999982,318.90000000000055,SUCCESS
2026-09-16,GR-VITC-30ML,INCREASE_BUDGET,15.791,6613.03,13863.12,18.0,31.66,0.0,16.938,6868.26,-6.77,-3.72,0,90,77.48,-1.1469999999999985,-255.23000000000047,NEGATIVE_OUTCOME
2026-09-17,GR-VITC-30ML,INCREASE_BUDGET,8.324,2761.35,6369.21,10.0,70.63,0.0,15.791,6613.03,-47.29,-58.24,0,90,80.28,-7.4670000000000005,-3851.68,NEGATIVE_OUTCOME
2026-09-18,GR-VITC-30ML,INCREASE_BUDGET,25.329,9589.52,19259.16,28.0,27.86,0.0,8.324,2761.35,204.29,247.28,1,90,74.15,17.005000000000003,6828.17,SUCCESS
2026-09-19,GR-VITC-30ML,INCREASE_BUDGET,25.575,10174.25,20857.38,24.0,27.93,0.0,25.329,9589.52,0.97,6.1,1,90,75.26,0.24599999999999866,584.7299999999996,SUCCESS
2026-09-20,GR-VITC-30ML,INCREASE_BUDGET,29.415,12766.18,24507.57,35.0,17.01,0.0,25.575,10174.25,15.01,25.48,1,90,74.48,3.84,2591.9300000000003,SUCCESS
2026-09-21,GR-VITC-30ML,INCREASE_BUDGET,42.063,12965.82,25650.62,32.0,22.43,0.0,29.415,12766.18,43.0,1.56,1,90,71.46,12.648000000000003,199.63999999999942,SUCCESS
2026-09-22,GR-VITC-30ML,INCREASE_BUDGET,31.873,14182.34,26473.65,36.0,15.27,0.0,42.063,12965.82,-24.23,9.38,0,90,75.29,-10.190000000000001,1216.5200000000004,MIXED_OUTCOME
2026-09-23,GR-VITC-30ML,INCREASE_BUDGET,18.15,7505.52,14782.52,26.0,21.46,0.0,31.873,14182.34,-43.06,-47.08,0,90,72.27,-13.723000000000003,-6676.82,NEGATIVE_OUTCOME
2026-09-24,GR-VITC-30ML,MAINTAIN,18.217,8839.3,17749.04,25.0,18.73,0.0,18.15,7505.52,0.37,17.77,1,82,68.4,0.06700000000000017,1333.7799999999988,SUCCESS
2026-09-25,GR-VITC-30ML,INCREASE_BUDGET,21.402,6457.62,12464.08,22.0,18.59,0.0,18.217,8839.3,17.48,-26.94,1,90,69.43,3.1850000000000023,-2381.6799999999994,SUCCESS
2026-09-26,GR-VITC-30ML,MAINTAIN,9.768,3877.69,9009.44,15.0,30.71,0.0,21.402,6457.62,-54.36,-39.95,0,82,66.49,-11.634,-2579.93,NEGATIVE_OUTCOME
2026-09-27,GR-VITC-30ML,MAINTAIN,25.959,10692.66,20234.05,30.0,12.26,0.0,9.768,3877.69,165.76,175.75,1,90,74.85,16.191,6814.969999999999,SUCCESS
