date,sku,product,category,variant,ad_type,ad_spend_inr,roas,predicted_next_day_roas,predicted_next_day_revenue_inr,predicted_next_day_profit_inr,margin_pct,sales_volume,sales_growth_pct,stock_on_hand,days_of_inventory_remaining,inventory_risk,click_rate_pct,add_to_cart_rate_pct,purchase_rate_pct,payment_failed_rate_pct,funnel_status,payment_status,creative_status,sales_status,profitability_status,root_cause,root_cause_explanation,autonomous_action,decision_priority_score,decision_confidence_pct,current_action,recommended_action,success_rate,learning_score,action_quality,historical_action_success_rate,learned_decision_confidence,learning_adjustment,policy_recommendation
2026-09-28,GR-BODYLOT-200ML,Body Lotion,Body,200 ml,Video,2076.67,4.758,4.519703130738141,9385.931900509975,2240.8586742345888,46,16,4.08,0,0.0,CRITICAL,3.545,10.618,2.41,5.882,CHECKOUT_CONVERSION,HIGH,CREATIVE_TO_CONVERSION_GAP,STABLE,PROFITABLE,INVENTORY_SHORTAGE,Stock is exhausted or expected to run out immediately.,PROTECT_INVENTORY,80,75,PROTECT_INVENTORY,PROTECT_INVENTORY,44.64,72.32,GOOD,44.64,62.86,MAINTAIN_PROTECTIVE_POLICY,Historical PROTECT_INVENTORY decisions have moderate outcomes (44.6% success). Continue monitoring.
2026-09-28,GR-BODYLOT-400ML,Body Lotion,Body,400 ml,Video,1174.04,9.92,8.963428912794189,10523.42408077689,3877.203558772907,48,15,9.86,2,0.1,HIGH,2.54,12.698,3.212,4.545,NORMAL,MEDIUM,NORMAL,STABLE,HIGHLY_PROFITABLE,INVENTORY_RISK,Inventory is very low and scaling ads may cause stockout.,PROTECT_INVENTORY,80,85,PROTECT_INVENTORY,PROTECT_INVENTORY,44.64,72.32,GOOD,44.64,68.86,MAINTAIN_PROTECTIVE_POLICY,Historical PROTECT_INVENTORY decisions have moderate outcomes (44.6% success). Continue monitoring.
2026-09-28,GR-COMBO-FULL,Glow Combo,Combos,Full (30ml + 150ml),Influencer Video,1833.68,20.42,21.45395669444444,39339.69131146887,18229.562568849124,51,31,-1.27,0,0.0,CRITICAL,4.867,18.997,3.091,7.353,NORMAL,HIGH,NORMAL,STABLE,HIGHLY_PROFITABLE,INVENTORY_SHORTAGE,Stock is exhausted or expected to run out immediately.,PROTECT_INVENTORY,90,90,PROTECT_INVENTORY,PROTECT_INVENTORY,44.64,72.32,GOOD,44.64,71.86,MAINTAIN_PROTECTIVE_POLICY,Historical PROTECT_INVENTORY decisions have moderate outcomes (44.6% success). Continue monitoring.
2026-09-28,GR-COMBO-STARTER,Glow Combo,Combos,Starter (15ml + 100ml),Image,2497.68,5.766,5.941009408644898,14838.740379784187,3882.9783633072,43,24,7.2,0,0.0,CRITICAL,2.986,8.814,2.97,4.0,CHECKOUT_CONVERSION,MEDIUM,CREATIVE_TO_CONVERSION_GAP,STABLE,PROFITABLE,INVENTORY_SHORTAGE,Stock is exhausted or expected to run out immediately.,PROTECT_INVENTORY,80,75,PROTECT_INVENTORY,PROTECT_INVENTORY,44.64,72.32,GOOD,44.64,62.86,MAINTAIN_PROTECTIVE_POLICY,Historical PROTECT_INVENTORY decisions have moderate outcomes (44.6% success). Continue monitoring.
2026-09-28,GR-FACEWASH-100ML,Ubtan Face Wash,Skin,100 ml,Influencer Video,1640.41,8.925,7.146477772378118,11723.153602586788,3048.851441034715,40,55,13.45,0,0.0,CRITICAL,5.263,15.586,4.283,9.836,NORMAL,HIGH,NORMAL,STRONG_GROWTH,PROFITABLE,INVENTORY_SHORTAGE,Stock is exhausted or expected to run out immediately.,PROTECT_INVENTORY,80,75,PROTECT_INVENTORY,PROTECT_INVENTORY,44.64,72.32,GOOD,44.64,62.86,MAINTAIN_PROTECTIVE_POLICY,Historical PROTECT_INVENTORY decisions have moderate outcomes (44.6% success). Continue monitoring.
2026-09-28,GR-FACEWASH-150ML,Ubtan Face Wash,Skin,150 ml,Influencer Video,694.13,15.377,23.841239821428555,16548.919797248203,6421.905512816727,43,32,5.26,0,0.0,CRITICAL,5.041,8.462,2.381,0.0,CHECKOUT_CONVERSION,NORMAL,CREATIVE_TO_CONVERSION_GAP,STABLE,HIGHLY_PROFITABLE,INVENTORY_SHORTAGE,Stock is exhausted or expected to run out immediately.,PROTECT_INVENTORY,90,90,PROTECT_INVENTORY,PROTECT_INVENTORY,44.64,72.32,GOOD,44.64,71.86,MAINTAIN_PROTECTIVE_POLICY,Historical PROTECT_INVENTORY decisions have moderate outcomes (44.6% success). Continue monitoring.
2026-09-28,GR-HAIROIL-150ML,Onion Hair Oil,Hair,150 ml,Video,766.37,14.995,20.03976513095237,15357.874803407973,6144.673661533588,45,24,5.61,0,0.0,CRITICAL,4.869,14.44,2.348,7.692,CHECKOUT_CONVERSION,HIGH,CREATIVE_TO_CONVERSION_GAP,STABLE,HIGHLY_PROFITABLE,INVENTORY_SHORTAGE,Stock is exhausted or expected to run out immediately.,PROTECT_INVENTORY,90,90,PROTECT_INVENTORY,PROTECT_INVENTORY,44.64,72.32,GOOD,44.64,71.86,MAINTAIN_PROTECTIVE_POLICY,Historical PROTECT_INVENTORY decisions have moderate outcomes (44.6% success). Continue monitoring.
2026-09-28,GR-HAIROIL-250ML,Onion Hair Oil,Hair,250 ml,Image,1551.66,8.586,8.758247256565976,13589.821938123165,4971.454530299118,48,19,2.93,0,0.0,CRITICAL,3.263,11.139,3.777,5.0,NORMAL,HIGH,NORMAL,STABLE,HIGHLY_PROFITABLE,INVENTORY_SHORTAGE,Stock is exhausted or expected to run out immediately.,PROTECT_INVENTORY,80,90,PROTECT_INVENTORY,PROTECT_INVENTORY,44.64,72.32,GOOD,44.64,71.86,MAINTAIN_PROTECTIVE_POLICY,Historical PROTECT_INVENTORY decisions have moderate outcomes (44.6% success). Continue monitoring.
2026-09-28,GR-LIPBAL-CHERRY,Lip Balm,Lips,Cherry,Video,1401.77,8.941,6.87753473369545,9640.72186365227,1972.4826522782944,35,49,23.46,0,0.0,CRITICAL,4.736,16.618,3.807,7.5,NORMAL,HIGH,NORMAL,STRONG_GROWTH,PROFITABLE,INVENTORY_SHORTAGE,Stock is exhausted or expected to run out immediately.,PROTECT_INVENTORY,80,75,PROTECT_INVENTORY,PROTECT_INVENTORY,44.64,72.32,GOOD,44.64,62.86,MAINTAIN_PROTECTIVE_POLICY,Historical PROTECT_INVENTORY decisions have moderate outcomes (44.6% success). Continue monitoring.
2026-09-28,GR-LIPBAL-NATURAL,Lip Balm,Lips,Natural,Video,2521.73,2.447,4.94008396283778,12457.557931606914,2212.142014010627,38,31,12.67,0,0.0,CRITICAL,3.749,13.968,2.508,3.125,CHECKOUT_CONVERSION,MEDIUM,CREATIVE_TO_CONVERSION_GAP,STRONG_GROWTH,PROFITABLE,INVENTORY_SHORTAGE,Stock is exhausted or expected to run out immediately.,PROTECT_INVENTORY,80,75,PROTECT_INVENTORY,PROTECT_INVENTORY,44.64,72.32,GOOD,44.64,62.86,MAINTAIN_PROTECTIVE_POLICY,Historical PROTECT_INVENTORY decisions have moderate outcomes (44.6% success). Continue monitoring.
2026-09-28,GR-LIPBAL-STRAWB,Lip Balm,Lips,Strawberry,Image,1301.13,5.787,5.21114264689448,6780.374032153815,1072.000911253835,35,40,8.71,0,0.0,CRITICAL,3.078,11.723,4.474,0.0,NORMAL,NORMAL,NORMAL,STABLE,PROFITABLE,INVENTORY_SHORTAGE,Stock is exhausted or expected to run out immediately.,PROTECT_INVENTORY,80,75,PROTECT_INVENTORY,PROTECT_INVENTORY,44.64,72.32,GOOD,44.64,62.86,MAINTAIN_PROTECTIVE_POLICY,Historical PROTECT_INVENTORY decisions have moderate outcomes (44.6% success). Continue monitoring.
2026-09-28,GR-MOIST-100G,Aloe Moisturizer,Skin,100 g,Video,2317.35,2.817,6.585602448505486,15261.145834044188,5160.611458681651,49,10,10.85,82,5.84,MEDIUM,3.617,6.413,1.815,0.0,CHECKOUT_CONVERSION,NORMAL,CREATIVE_TO_CONVERSION_GAP,STRONG_GROWTH,PROFITABLE,FUNNEL_DROP_OFF,Users show purchase intent but conversion remains weak.,RETARGET,70,60,RETARGET,RETARGET,0.0,30.0,POOR,0.0,36.0,REVIEW_ACTION_POLICY,Historical RETARGET decisions have weak outcomes (0.0% success). Review or retrain this policy.
2026-09-28,GR-MOIST-50G,Aloe Moisturizer,Skin,50 g,Image,2409.37,3.313,5.813699055519113,14007.352093396084,4314.159004830121,48,20,8.76,0,0.0,CRITICAL,4.422,12.362,3.165,4.762,NORMAL,MEDIUM,NORMAL,STABLE,PROFITABLE,INVENTORY_SHORTAGE,Stock is exhausted or expected to run out immediately.,PROTECT_INVENTORY,80,75,PROTECT_INVENTORY,PROTECT_INVENTORY,44.64,72.32,GOOD,44.64,62.86,MAINTAIN_PROTECTIVE_POLICY,Historical PROTECT_INVENTORY decisions have moderate outcomes (44.6% success). Continue monitoring.
2026-09-28,GR-RET-15ML,Retinol Serum,Skin,15 ml,Video,1388.59,5.624,8.064367671488395,11198.10030495207,4434.4221585750765,52,11,9.45,0,0.0,CRITICAL,3.54,8.174,2.472,0.0,CHECKOUT_CONVERSION,NORMAL,CREATIVE_TO_CONVERSION_GAP,STABLE,HIGHLY_PROFITABLE,INVENTORY_SHORTAGE,Stock is exhausted or expected to run out immediately.,PROTECT_INVENTORY,80,90,PROTECT_INVENTORY,PROTECT_INVENTORY,44.64,72.32,GOOD,44.64,71.86,MAINTAIN_PROTECTIVE_POLICY,Historical PROTECT_INVENTORY decisions have moderate outcomes (44.6% success). Continue monitoring.
2026-09-28,GR-RET-30ML,Retinol Serum,Skin,30 ml,Video,1411.7,10.556,10.030572209171256,14160.158787687062,6234.785745351013,54,14,12.96,0,0.0,CRITICAL,4.779,8.092,2.435,0.0,CHECKOUT_CONVERSION,NORMAL,CREATIVE_TO_CONVERSION_GAP,STRONG_GROWTH,HIGHLY_PROFITABLE,INVENTORY_SHORTAGE,Stock is exhausted or expected to run out immediately.,PROTECT_INVENTORY,90,90,PROTECT_INVENTORY,PROTECT_INVENTORY,44.64,72.32,GOOD,44.64,71.86,MAINTAIN_PROTECTIVE_POLICY,Historical PROTECT_INVENTORY decisions have moderate outcomes (44.6% success). Continue monitoring.
2026-09-28,GR-SHAMP-250ML,Onion Shampoo,Hair,250 ml,Image,2204.29,4.439,4.322429451370851,9527.888015362254,-12.87575646668165,23,28,16.45,512,14.57,LOW,3.92,10.393,2.703,0.0,CHECKOUT_CONVERSION,NORMAL,CREATIVE_TO_CONVERSION_GAP,STRONG_GROWTH,LOSS_RISK,FUNNEL_DROP_OFF,Users show purchase intent but conversion remains weak.,RETARGET,70,60,RETARGET,RETARGET,0.0,30.0,POOR,0.0,36.0,REVIEW_ACTION_POLICY,Historical RETARGET decisions have weak outcomes (0.0% success). Review or retrain this policy.
2026-09-28,GR-SHAMP-400ML,Onion Shampoo,Hair,400 ml,Video,2340.95,3.005,4.225651073458471,9892.037880412609,428.82060651553047,28,14,-1.2,267,15.52,HEALTHY,2.799,8.075,2.478,0.0,CHECKOUT_CONVERSION,NORMAL,CREATIVE_TO_CONVERSION_GAP,STABLE,PROFITABLE,FUNNEL_DROP_OFF,Users show purchase intent but conversion remains weak.,RETARGET,70,60,RETARGET,RETARGET,0.0,30.0,POOR,0.0,36.0,REVIEW_ACTION_POLICY,Historical RETARGET decisions have weak outcomes (0.0% success). Review or retrain this policy.
2026-09-28,GR-SUNSCR-100G,Sunscreen SPF 50,Skin,100 g,Video,2189.48,8.177,8.851121897182493,19379.354371443125,7112.6100982927,48,25,15.4,0,0.0,CRITICAL,4.746,11.942,2.657,3.704,CHECKOUT_CONVERSION,MEDIUM,CREATIVE_TO_CONVERSION_GAP,STRONG_GROWTH,HIGHLY_PROFITABLE,INVENTORY_SHORTAGE,Stock is exhausted or expected to run out immediately.,PROTECT_INVENTORY,80,90,PROTECT_INVENTORY,PROTECT_INVENTORY,44.64,72.32,GOOD,44.64,71.86,MAINTAIN_PROTECTIVE_POLICY,Historical PROTECT_INVENTORY decisions have moderate outcomes (44.6% success). Continue monitoring.
2026-09-28,GR-SUNSCR-50G,Sunscreen SPF 50,Skin,50 g,Video,1617.07,6.719,7.145151306355431,11554.209822968176,3813.4086167950422,47,26,11.42,0,0.0,CRITICAL,3.911,9.091,3.408,7.143,NORMAL,HIGH,NORMAL,STRONG_GROWTH,PROFITABLE,INVENTORY_SHORTAGE,Stock is exhausted or expected to run out immediately.,PROTECT_INVENTORY,80,75,PROTECT_INVENTORY,PROTECT_INVENTORY,44.64,72.32,GOOD,44.64,62.86,MAINTAIN_PROTECTIVE_POLICY,Historical PROTECT_INVENTORY decisions have moderate outcomes (44.6% success). Continue monitoring.
2026-09-28,GR-VITC-15ML,Vitamin C Serum,Skin,15 ml,Video,2782.34,5.337,7.31435921684202,20351.03422338823,8003.708138395761,53,36,11.82,0,0.0,CRITICAL,4.681,17.383,5.007,4.444,HEALTHY_CONVERSION,MEDIUM,NORMAL,STRONG_GROWTH,PROFITABLE,INVENTORY_SHORTAGE,Stock is exhausted or expected to run out immediately.,PROTECT_INVENTORY,80,75,PROTECT_INVENTORY,PROTECT_INVENTORY,44.64,72.32,GOOD,44.64,62.86,MAINTAIN_PROTECTIVE_POLICY,Historical PROTECT_INVENTORY decisions have moderate outcomes (44.6% success). Continue monitoring.
2026-09-28,GR-VITC-30ML,Vitamin C Serum,Skin,30 ml,Image,779.45,25.959,23.61556108465608,18407.14908743518,8976.339016340644,53,30,0.23,495,12.26,LOW,2.949,12.5,3.567,6.25,NORMAL,HIGH,NORMAL,STABLE,HIGHLY_PROFITABLE,PAYMENT_FRICTION,Elevated payment failures may be reducing completed orders.,FIX_PAYMENT,90,85,FIX_PAYMENT,FIX_PAYMENT,66.67,83.34,STRONG,66.67,77.67,MAINTAIN_POLICY,Historical FIX_PAYMENT decisions have moderate outcomes (66.7% success). Continue monitoring.
