feature,importance
numerical__roas,0.5922813534654839
numerical__ad_spend_inr,0.0407097100288391
numerical__margin_pct,0.02734004697553
numerical__profit_inr,0.0211960368967145
numerical__sales_growth_pct,0.0211365693182662
numerical__day_of_month,0.021060716047285
numerical__stock_on_hand,0.0193385261612082
numerical__revenue_inr,0.0167114823417188
numerical__click_rate_pct,0.0157961762968144
numerical__days_of_inventory_remaining,0.0141024819786217
numerical__engagement_rate_pct,0.0131441872248869
numerical__return_rate_pct,0.0116349242998376
numerical__repeat_purchaser_count,0.0106275507347099
numerical__impressions,0.010560760005978
numerical__refund_rate_pct,0.008072333623794
numerical__product_clicks,0.0080051842518018
numerical__purchase_rate_pct,0.0078991124457515
numerical__add_to_cart_rate_pct,0.0074353019495545
numerical__clicks,0.0074127094169715
numerical__payment_failed_rate_pct,0.0072678450509127
